까비,,,,NNP,*,F,까비,*,*,*,*,*
코로나바이러스,,,,NNP,*,F,코로나바이러스,*,*,*,*,*
고속도로,,,,NNP,*,F,고속도로,*,*,*,*,*
자원회수,,,,NNP,*,F,자원회수,*,*,*,*,*
자원회수시설,,,,NNP,*,T,자원회수시설,*,*,*,*,*
북부지역,,,,NNP,*,T,북부지역,*,*,*,*,*
건설사업,,,,NNP,*,T,건설사업,*,*,*,*,*
측정결과,,,,NNP,*,F,측정결과,*,*,*,*,*
정보공개,,,,NNP,*,F,정보공개,*,*,*,*,*
민관합동,,,,NNP,*,T,민관합동,*,*,*,*,*
명절연휴,,,,NNP,*,F,명절연휴,*,*,*,*,*
추석연휴,,,,NNP,*,F,추석연휴,*,*,*,*,*
물연구원,,,,NNP,*,T,물연구원,*,*,*,*,*
수도사업소,,,,NNP,*,F,수도사업소,*,*,*,*,*
설연휴,,,,NNP,*,F,설연휴,*,*,*,*,*
배출일정,,,,NNP,*,T,배출인정,*,*,*,*,*
불편사항,,,,NNP,*,T,불편사항,*,*,*,*,*
자살충돌,,,,NNP,*,T,자살충동,*,*,*,*,*
미세먼지,,,,NNP,*,F,미세먼지,Compound,*,*,미세/NNG/*+먼지/NNG/*
대인관계,,,,NNP,*,F,대인관계,*,*,*,*,*
다중이용시설,,,,NNP,*,T,다중이용시설,*,*,*,*,*
주민이용시설,,,,NNP,*,T,주민이용시설,*,*,*,*,*
장애시설,,,,NNP,*,T,장애이용시설,*,*,*,*,*
청소년시설,,,,NNP,*,T,청소년시설,*,*,*,*,*
주거시설,,,,NNP,*,T,주거시설,*,*,*,*,*
종교시설,,,,NNP,*,T,종교시설,*,*,*,*,*
영업용시설,,,,NNP,*,T,영업용시설,*,*,*,*,*
지하시설물,,,,NNP,*,T,지하시설물,*,*,*,*,*
재활시설,,,,NNP,*,T,재활시설,*,*,*,*,*
취약계층,,,,NNP,*,T,취약계층,*,*,*,*,*
종교관련시설,,,,NNP,*,T,종교관련시설,*,*,*,*,*
음압시설,,,,NNP,*,T,음압시설,*,*,*,*,*
스마트팜,,,,NNP,*,T,스마트팜,*,*,*,*,*
시설구축,,,,NNP,*,T,시설구축,*,*,*,*,*
공공시설,,,,NNP,*,T,공공시설,*,*,*,*,*
시설관리공단,,,,NNP,*,T,시설관리공단,*,*,*,*,*
대중교통시설,,,,NNP,*,T,대중교통시설,*,*,*,*,*
다중밀집시설,,,,NNP,*,T,다중밀집시설,*,*,*,*,*
다중이용시설,,,,NNP,*,T,다중이용시설,*,*,*,*,*
장업지원,,,,NNP,*,T,창업지원,*,*,*,*,*
수도시설,,,,NNP,*,T,수도시설,*,*,*,*,*
유흥시설,,,,NNP,*,T,유흥시설,*,*,*,*,*
고위험시설,,,,NNP,*,T,고위험시설,*,*,*,*,*
국공립시설,,,,NNP,*,T,국공립시설,*,*,*,*,*
공공체육시설,,,,NNP,*,T,공공체육시설,*,*,*,*,*
사회복지이용시설,,,,NNP,*,T,사회복지이용시설,*,*,*,*,*
복지시설,,,,NNP,*,T,복지시설,*,*,*,*,*
신종코로나,,,,NNP,*,F,신종코로나,*,*,*,*,*
시민협조,,,,NNP,*,F,시민협조,*,*,*,*,*
시설개량,,,,NNP,*,T,시설개량,*,*,*,*,*
복합시설,,,,NNP,*,T,복합시설,*,*,*,*,*
도시계획시설,,,,NNP,*,T,도시계획시설,*,*,*,*,*
세부시설,,,,NNP,*,T,세부시설,*,*,*,*,*
지역안전,,,,NNP,*,T,지역안전,*,*,*,*,*
설치사업,,,,NNP,*,T,설치사업,*,*,*,*,*
지원사업,,,,NNP,*,T,지원사업,*,*,*,*,*
사업체,,,,NNP,*,F,사업체,*,*,*,*,*
중복사업,,,,NNP,*,T,중복사업,*,*,*,*,*
사업참여,,,,NNP,*,F,사업참여,*,*,*,*,*
사업본부,,,,NNP,*,F,사업본부,*,*,*,*,*
상수도사업,,,,NNP,*,T,상수도사업,*,*,*,*,*
선정사업,,,,NNP,*,T,선정사업,*,*,*,*,*
개선사업,,,,NNP,*,T,개선사업,*,*,*,*,*
제안사업,,,,NNP,*,T,제안사업,*,*,*,*,*
건의사업,,,,NNP,*,T,건의사업,*,*,*,*,*
전기화물차,,,,NNP,*,F,전기화물차,*,*,*,*,*
자연재해,,,,NNP,*,F,자연재해,*,*,*,*,*
중앙정부,,,,NNP,*,F,중앙정부,*,*,*,*,*
환경시설,,,,NNP,*,T,환경시설,*,*,*,*,*
환경처리,,,,NNP,*,F,환경처리,*,*,*,*,*
지방재정,,,,NNP,*,T,지방재정,*,*,*,*,*
개성공단,,,,NNP,*,T,개성공단,*,*,*,*,*
도로건설,,,,NNP,*,T,도로건설,*,*,*,*,*
주한미국,,,,NNP,*,T,주한미국,*,*,*,*,*
폴링워터,,,,NNP,*,F,폴링워터,*,*,*,*,*
도시공원,,,,NNP,*,T,도시공원,*,*,*,*,*
환경업소,,,,NNP,*,F,환경업소,*,*,*,*,*
환경사업소,,,,NNP,*,F,환경사업소,*,*,*,*,*
미니골프장,,,,NNP,*,T,미니골프장,*,*,*,*,*
골프연습장,,,,NNP,*,T,골프연습장,*,*,*,*,*
생태공원,,,,NNP,*,T,생태공원,*,*,*,*,*
주민복지,,,,NNP,*,F,주민복지,*,*,*,*,*
혐오시설,,,,NNP,*,T,혐오시설,*,*,*,*,*
지방자치,,,,NNP,*,F,지방자치,*,*,*,*,*
발암물질,,,,NNP,*,T,발암물질,*,*,*,*,*
환경연구원,,,,NNP,*,T,환경연구원,*,*,*,*,*
공기질,,,,NNP,*,T,공기질,*,*,*,*,*
중점관리,,,,NNP,*,F,중점관리,*,*,*,*,*
오염조사,,,,NNP,*,F,오염조사,*,*,*,*,*
평균농도,,,,NNP,*,F,평균농도,*,*,*,*,*
폴링워터,,,,NNP,*,F,폴링워터,*,*,*,*,*
실내환경,,,,NNP,*,T,실내환경,*,*,*,*,*
기준초과,,,,NNP,*,F,기준초과,*,*,*,*,*
측정단위,,,,NNP,*,F,측정단위,*,*,*,*,*
환승통로,,,,NNP,*,F,환승통로,*,*,*,*,*
권고기준,,,,NNP,*,T,권고기준,*,*,*,*,*
초과대책,,,,NNP,*,T,초과대책,*,*,*,*,*
최저기온,,,,NNP,*,T,최저기온,*,*,*,*,*
민간업체,,,,NNP,*,F,민간업체,*,*,*,*,*
경진대회,,,,NNP,*,F,경진대회,*,*,*,*,*
환경오염실태,,,,NNP,*,F,환경오염실태,*,*,*,*,*
환경실태,,,,NNP,*,F,환경실태,*,*,*,*,*
대상선정,,,,NNP,*,T,대상선정,*,*,*,*,*
발파작업,,,,NNP,*,T,발파작업,*,*,*,*,*
지반침하,,,,NNP,*,F,지반침하,*,*,*,*,*
지율스님,,,,NNP,*,T,지율스님,*,*,*,*,*
환경교육,,,,NNP,*,T,환경교육,*,*,*,*,*
환경단체,,,,NNP,*,F,환경단체,*,*,*,*,*
환경조사단,,,,NNP,*,T,환경조사단,*,*,*,*,*
초등학교,,,,NNP,*,F,초등학교,*,*,*,*,*
야외행사,,,,NNP,*,F,야외행사,*,*,*,*,*
시교육청,,,,NNP,*,T,시교육청,*,*,*,*,*
야외활동,,,,NNP,*,T,야외활동,*,*,*,*,*
야외수업,,,,NNP,*,T,야외수업,*,*,*,*,*
공사재개,,,,NNP,*,F,공사재개,*,*,*,*,*
터널공사,,,,NNP,*,F,터널공사,*,*,*,*,*
환경문제,,,,NNP,*,F,환경문제,*,*,*,*,*
눈점막,,,,NNP,*,T,눈점막,*,*,*,*,*
질환유발,,,,NNP,*,T,질환유발,*,*,*,*,*
조사결과,,,,NNP,*,F,조사결과,*,*,*,*,*
지속노출,,,,NNP,*,T,지속노출,*,*,*,*,*
생태자연,,,,NNP,*,T,생태자연,*,*,*,*,*
주요지점,,,,NNP,*,T,주요지점,*,*,*,*,*
생태다리,,,,NNP,*,F,생태다리,*,*,*,*,*
이동통로,,,,NNP,*,F,이동통로,*,*,*,*,*
복원사업,,,,NNP,*,T,복원사업,*,*,*,*,*
사업계획,,,,NNP,*,T,사업계획,*,*,*,*,*
택지개발,,,,NNP,*,T,택지개발,*,*,*,*,*
개발사업,,,,NNP,*,T,개발사업,*,*,*,*,*
생태환경,,,,NNP,*,T,생태환경,*,*,*,*,*
사업진행,,,,NNP,*,T,사업진행,*,*,*,*,*
사업부지,,,,NNP,*,F,사업부지,*,*,*,*,*
남부순환,,,,NNP,*,T,남부순환,*,*,*,*,*
자연공원,,,,NNP,*,T,자연공원,*,*,*,*,*
미국기지,,,,NNP,*,F,미국기지,*,*,*,*,*
양재고개,,,,NNP,*,F,양재고개,*,*,*,*,*
주택건설,,,,NNP,*,T,주택건설,*,*,*,*,*
서식처,,,,NNP,*,F,서식처,*,*,*,*,*
유입차단,,,,NNP,*,T,유입차단,*,*,*,*,*
생태도시,,,,NNP,*,F,생태도시,*,*,*,*,*
최종안,,,,NNP,*,T,최종안,*,*,*,*,*
사업등급,,,,NNP,*,T,사업등급,*,*,*,*,*
환경검토,,,,NNP,*,F,환경검토,*,*,*,*,*
실태조사,,,,NNP,*,F,실태조사,*,*,*,*,*
야생동물,,,,NNP,*,T,야생동물,*,*,*,*,*
야외수업,,,,NNP,*,T,야외수업,*,*,*,*,*
회수시설,,,,NNP,*,T,회수시설,*,*,*,*,*
포화상태,,,,NNP,*,F,포화상태,*,*,*,*,*
가을날씨,,,,NNP,*,F,가을날씨,*,*,*,*,*
중부내륙,,,,NNP,*,T,중부내륙,*,*,*,*,*
전국내륙,,,,NNP,*,T,전국내륙,*,*,*,*,*
로봇장비,,,,NNP,*,F,로봇장비,*,*,*,*,*
물분사,,,,NNP,*,F,물분사,*,*,*,*,*
고압분사,,,,NNP,*,F,고압분사,*,*,*,*,*
세척기술,,,,NNP,*,T,세척기술,*,*,*,*,*
다양한,,,,NNP,*,T,다양한,*,*,*,*,*
관세척,,,,NNP,*,T,관세척,*,*,*,*,*
제거기술,,,,NNP,*,T,제거기술,*,*,*,*,*
희망구간,,,,NNP,*,T,희망구간,*,*,*,*,*
작업시간,,,,NNP,*,T,작업시간,*,*,*,*,*
상수도사업본부,,,,NNP,*,F,상수도사업본부,*,*,*,*,*
월일천,,,,NNP,*,T,월일천,*,*,*,*,*
참여업체,,,,NNP,*,F,참여업체,*,*,*,*,*
적극참여,,,,NNP,*,F,적극참여,*,*,*,*,*
일자리,,,,NNP,*,F,일자리,*,*,*,*,*
농수축산물,,,,NNP,*,T,농수축산물,*,*,*,*,*
환경조사,,,,NNP,*,F,환경조사,*,*,*,*,*
휴게시설,,,,NNP,*,T,휴게시설,*,*,*,*,*
편의시설,,,,NNP,*,T,편의시설,*,*,*,*,*
체육시설,,,,NNP,*,T,체육시설,*,*,*,*,*
난방시설,,,,NNP,*,T,난방시설,*,*,*,*,*
환경개선,,,,NNP,*,T,환경개선,*,*,*,*,*
환경자원,,,,NNP,*,T,환경자원,*,*,*,*,*
환경평가,,,,NNP,*,F,환경평가,*,*,*,*,*
환경오염,1780,3533,2639,NNP,*,T,환경오염,Compound,*,*,환경/NNG/*+오염/NNG/*
환경보호,,,,NNP,*,F,환경보호,*,*,*,*,*
환경수준,,,,NNP,*,T,환경수준,*,*,*,*,*
의료환경,,,,NNP,*,T,의료환경,*,*,*,*,*
환경질환,,,,NNP,*,T,환경질환,*,*,*,*,*
환경사업,,,,NNP,*,T,환경사업,*,*,*,*,*
환경보건,,,,NNP,*,T,환경보건,*,*,*,*,*
환경기준,,,,NNP,*,T,환경기준,*,*,*,*,*
신재생에너지,,,,NNP,*,F,신재생에너지,*,*,*,*,*
도로확장,,,,NNP,*,T,도로확장,*,*,*,*,*
도로연결,,,,NNP,*,T,도로연결,*,*,*,*,*
자동차도로,,,,NNP,*,F,자동차도로,*,*,*,*,*
일반통행도로,,,,NNP,*,F,일반통행도로,*,*,*,*,*
도로면,,,,NNP,*,T,도로면,*,*,*,*,*
전용도로,,,,NNP,*,F,전용도로,*,*,*,*,*
자전거도로,,,,NNP,*,F,자전거도로,*,*,*,*,*
도로표지,,,,NNP,*,F,도로표지,*,*,*,*,*
지정도로,,,,NNP,*,F,지정도로,*,*,*,*,*
점용도로,,,,NNP,*,F,점용도로,*,*,*,*,*
불법도로,,,,NNP,*,F,불법도로,*,*,*,*,*
도로표지판,,,,NNP,*,T,도로표지판,*,*,*,*,*
전환도로,,,,NNP,*,F,전환도로,*,*,*,*,*
도로안내,,,,NNP,*,F,도로안내,*,*,*,*,*
대체도로,,,,NNP,*,F,대체도로,*,*,*,*,*
도로철거,,,,NNP,*,F,도로철거,*,*,*,*,*
간선도로,,,,NNP,*,F,간선도로,*,*,*,*,*
고가도로,,,,NNP,*,F,고가도로,*,*,*,*,*
인근도로,,,,NNP,*,F,인근도로,*,*,*,*,*
반경도로,,,,NNP,*,F,반경도로,*,*,*,*,*
순환도로,,,,NNP,*,F,순환도로,*,*,*,*,*
남단도로,,,,NNP,*,F,남단도로,*,*,*,*,*
하부도로,,,,NNP,*,F,하부도로,*,*,*,*,*
보행자도로,,,,NNP,*,F,보행자도로,*,*,*,*,*
시민공원,,,,NNP,*,T,시민공원,*,*,*,*,*
공원도로,,,,NNP,*,F,공원도로,*,*,*,*,*
국립공원,,,,NNP,*,T,국립공원,*,*,*,*,*
월드컵공원,,,,NNP,*,T,월드컵공원,*,*,*,*,*
노을공원,,,,NNP,*,T,노을공원,*,*,*,*,*
대형공원,,,,NNP,*,T,대형공원,*,*,*,*,*
놀이공원,,,,NNP,*,T,놀이공원,*,*,*,*,*
남산공원,,,,NNP,*,T,남산공원,*,*,*,*,*
문화공원,,,,NNP,*,T,문화공원,*,*,*,*,*
올림픽공원,,,,NNP,*,T,올림픽공원,*,*,*,*,*
보라매공원,,,,NNP,*,T,보라매공원,*,*,*,*,*
사직공원,,,,NNP,*,T,사직공원,*,*,*,*,*
하늘공원,,,,NNP,*,T,하늘공원,*,*,*,*,*
시범사업,,,,NNP,*,T,시범사업,*,*,*,*,*
수자원사업,,,,NNP,*,T,수자원사업,*,*,*,*,*
방지사업,,,,NNP,*,T,방지사업,*,*,*,*,*
보급사업,,,,NNP,*,T,보급사업,*,*,*,*,*
개기일식,,,,NNP,*,T,개기일식,*,*,*,*,*
도시사업,,,,NNP,*,T,도시사업,*,*,*,*,*
도시관리,,,,NNP,*,F,도시관리,*,*,*,*,*
도시계획,,,,NNP,*,T,도시계획,*,*,*,*,*
친환경도시,,,,NNP,*,F,친환경도시,*,*,*,*,*
도시자연,,,,NNP,*,T,도시자연,*,*,*,*,*
환경에너지,,,,NNP,*,F,환경에너지,*,*,*,*,*
공간환경,,,,NNP,*,T,공간환경,*,*,*,*,*
환경기준치,,,,NNP,*,F,환경기준치,*,*,*,*,*
환경국장,,,,NNP,*,T,환경국장,*,*,*,*,*
환경관광,,,,NNP,*,T,환경관광,*,*,*,*,*
환경생태도시,,,,NNP,*,F,환경생태도시,*,*,*,*,*
환경파괴,,,,NNP,*,F,환경파괴,*,*,*,*,*
환경정책,,,,NNP,*,T,환경정책,*,*,*,*,*
문화센터,,,,NNP,*,F,문화센터,*,*,*,*,*
연구센터,,,,NNP,*,F,연구센터,*,*,*,*,*
지원센터,,,,NNP,*,F,지원센터,*,*,*,*,*
방문자센터,,,,NNP,*,F,방문자센터,*,*,*,*,*
재생센터,,,,NNP,*,F,재생센터,*,*,*,*,*
물재센터,,,,NNP,*,F,물재센터,*,*,*,*,*
관리센터,,,,NNP,*,F,관리센터,*,*,*,*,*
지료센터,,,,NNP,*,F,진료센터,*,*,*,*,*
신고센터,,,,NNP,*,F,신고센터,*,*,*,*,*
환경보건센터,,,,NNP,*,F,환경보건센터,*,*,*,*,*
환승센터,,,,NNP,*,F,환승센터,*,*,*,*,*
감시센터,,,,NNP,*,F,감시센터,*,*,*,*,*
관내센터,,,,NNP,*,F,관내센터,*,*,*,*,*
에코센터,,,,NNP,*,F,에코센터,*,*,*,*,*
체육센터,,,,NNP,*,F,체육센터,*,*,*,*,*
콜센터,,,,NNP,*,F,콜센터,*,*,*,*,*
예보센터,,,,NNP,*,F,예보센터,*,*,*,*,*
증진센터,,,,NNP,*,F,증진센터,*,*,*,*,*
모니터링센터,,,,NNP,*,F,모니터링센터,*,*,*,*,*
센터장,,,,NNP,*,T,센터장,*,*,*,*,*
복지센터,,,,NNP,*,F,복지센터,*,*,*,*,*
안전센터,,,,NNP,*,F,안전센터,*,*,*,*,*
환경생태,,,,NNP,*,F,환경생태,*,*,*,*,*
배출시설,,,,NNP,*,T,배출시설,*,*,*,*,*
현장접수,,,,NNP,*,F,현장접수,*,*,*,*,*
현장방문,,,,NNP,*,T,현장방문,*,*,*,*,*
현장복구,,,,NNP,*,F,현장복구,*,*,*,*,*
현장활동,,,,NNP,*,T,현장활동,*,*,*,*,*
현장실습,,,,NNP,*,T,현장실습,*,*,*,*,*
현장적용,,,,NNP,*,T,현장적용,*,*,*,*,*
현장인력,,,,NNP,*,T,현장인력,*,*,*,*,*
연구시작,,,,NNP,*,T,연구시작,*,*,*,*,*
개발시작,,,,NNP,*,T,개발시작,*,*,*,*,*
신고시작,,,,NNP,*,T,신고시작,*,*,*,*,*
관측시작,,,,NNP,*,T,관측시작,*,*,*,*,*
확산시작,,,,NNP,*,T,확산시작,*,*,*,*,*
개조시작,,,,NNP,*,T,개조시작,*,*,*,*,*
나무심기,,,,NNP,*,F,나무심기,*,*,*,*,*
복지시설공간,,,,NNP,*,T,복지시설공간,*,*,*,*,*
소유공간,,,,NNP,*,T,소유공간,*,*,*,*,*
녹지공간,,,,NNP,*,T,녹지공간,*,*,*,*,*
산책공간,,,,NNP,*,T,산책공간,*,*,*,*,*
보존공간,,,,NNP,*,T,보존공간,*,*,*,*,*
생태공간,,,,NNP,*,T,생태공간,*,*,*,*,*
농업공간,,,,NNP,*,T,농업공간,*,*,*,*,*
서식공간,,,,NNP,*,T,서식공간,*,*,*,*,*
방치공간,,,,NNP,*,T,방치공간,*,*,*,*,*
주거공간,,,,NNP,*,T,주거공간,*,*,*,*,*
소유공간,,,,NNP,*,T,소유공간,*,*,*,*,*
녹지공간,,,,NNP,*,T,녹지공간,*,*,*,*,*
산책공간,,,,NNP,*,T,산책공간,*,*,*,*,*
보존공간,,,,NNP,*,T,보존공간,*,*,*,*,*
휴식공간,,,,NNP,*,T,휴식공간,*,*,*,*,*
생태공간,,,,NNP,*,T,생태공간,*,*,*,*,*
녹지공간,,,,NNP,*,T,녹지공간,*,*,*,*,*
농업공간,,,,NNP,*,T,농업공간,*,*,*,*,*
서식공간,,,,NNP,*,T,서식공간,*,*,*,*,*
공사진행,,,,NNP,*,T,공사진행,*,*,*,*,*
진행신청,,,,NNP,*,T,진행신청,*,*,*,*,*
진행결과,,,,NNP,*,T,진행결과,*,*,*,*,*
현지진행,,,,NNP,*,T,현지진행,*,*,*,*,*
작업진행,,,,NNP,*,T,작업진행,*,*,*,*,*
단속진행,,,,NNP,*,T,단속진행,*,*,*,*,*
유해물질,,,,NNP,*,T,유해물질,*,*,*,*,*
영양물질,,,,NNP,*,T,영양물질,*,*,*,*,*
오염물질,,,,NNP,*,T,오염물질,*,*,*,*,*
입자물질,,,,NNP,*,T,입자물질,*,*,*,*,*
내포물질,,,,NNP,*,T,내포물질,*,*,*,*,*
동식물보호,,,,NNP,*,F,동식물보호,*,*,*,*,*
수목보호,,,,NNP,*,F,수목보호,*,*,*,*,*
관리보호,,,,NNP,*,F,관리보호,*,*,*,*,*
자연상태,,,,NNP,*,F,자연상태,*,*,*,*,*
자연현상,,,,NNP,*,T,자연현상,*,*,*,*,*
소개예정,,,,NNP,*,T,소개예정,*,*,*,*,*
조사예정,,,,NNP,*,T,조사예정,*,*,*,*,*
선언예정,,,,NNP,*,T,선언예정,*,*,*,*,*
발표예정,,,,NNP,*,T,발표예정,*,*,*,*,*
구축사업,,,,NNP,*,T,구축사업,*,*,*,*,*
확정사업,,,,NNP,*,T,확정사업,*,*,*,*,*
확장사업,,,,NNP,*,T,확장사업,*,*,*,*,*
지정사업,,,,NNP,*,T,지정사업,*,*,*,*,*
사업확대,,,,NNP,*,F,사업확대,*,*,*,*,*
사업추진,,,,NNP,*,T,사업추진,*,*,*,*,*
사업예정,,,,NNP,*,T,사업예정,*,*,*,*,*
관리운영,,,,NNP,*,T,관리운영,*,*,*,*,*
시설운영,,,,NNP,*,T,시설운영,*,*,*,*,*
확대운영,,,,NNP,*,T,확대운영,*,*,*,*,*
프로그램운영,,,,NNP,*,T,프로그램운영,*,*,*,*,*
지역운영,,,,NNP,*,T,지역운영,*,*,*,*,*
월운영,,,,NNP,*,T,월운영,*,*,*,*,*
판매운영,,,,NNP,*,T,판매운영,*,*,*,*,*
마트운영,,,,NNP,*,T,마트운영,*,*,*,*,*
개인운영,,,,NNP,*,T,개인운영,*,*,*,*,*
법인운영,,,,NNP,*,T,법인운영,*,*,*,*,*
개설운영,,,,NNP,*,T,개설운영,*,*,*,*,*
상황실운영,,,,NNP,*,T,상황실운영,*,*,*,*,*
피해조사,,,,NNP,*,F,피해조사,*,*,*,*,*
식물조사,,,,NNP,*,F,식물조사,*,*,*,*,*
지원비,,,,NNP,*,F,지원비,*,*,*,*,*
지원액수,,,,NNP,*,F,지원액수,*,*,*,*,*
국비지원,,,,NNP,*,T,국비지원,*,*,*,*,*
쉼터지원,,,,NNP,*,T,쉼터지원,*,*,*,*,*
방문지원,,,,NNP,*,T,방문지원,*,*,*,*,*
지원단체,,,,NNP,*,F,지원단체,*,*,*,*,*
행정지원,,,,NNP,*,T,행정지원,*,*,*,*,*
보조금지원,,,,NNP,*,T,보조금지원,*,*,*,*,*
지원기간,,,,NNP,*,T,지원기간,*,*,*,*,*
차액지원,,,,NNP,*,T,차액지원,*,*,*,*,*
복지지원,,,,NNP,*,T,복지지원,*,*,*,*,*
발굴지원,,,,NNP,*,T,발굴지원,*,*,*,*,*
주택지원,,,,NNP,*,T,주택지원,*,*,*,*,*
수술지원,,,,NNP,*,T,수술지원,*,*,*,*,*
지원대상,,,,NNP,*,T,지원대상,*,*,*,*,*
지원방법,,,,NNP,*,T,지원방법,*,*,*,*,*
활동지원,,,,NNP,*,T,활동지원,*,*,*,*,*
양성지원,,,,NNP,*,T,양성지원,*,*,*,*,*
공동체지원,,,,NNP,*,T,공동체지원,*,*,*,*,*
예산지원,,,,NNP,*,T,예산지원,*,*,*,*,*
물품지원,,,,NNP,*,T,물품지원,*,*,*,*,*
추가지원,,,,NNP,*,T,추가지원,*,*,*,*,*
관리지원,,,,NNP,*,T,관리지원,*,*,*,*,*
사업지원,,,,NNP,*,T,사업지원,*,*,*,*,*
지원대책,,,,NNP,*,T,지원대책,*,*,*,*,*
우선지원,,,,NNP,*,T,우선지원,*,*,*,*,*
비용지원,,,,NNP,*,T,비용지원,*,*,*,*,*
지원상태,,,,NNP,*,F,지원상태,*,*,*,*,*
국비지원,,,,NNP,*,T,국비지원,*,*,*,*,*
유통지원,,,,NNP,*,T,유통지원,*,*,*,*,*
사업체지원,,,,NNP,*,T,사업체지원,*,*,*,*,*
운영지원,,,,NNP,*,T,운영지원,*,*,*,*,*
보험료지원,,,,NNP,*,T,보험료지원,*,*,*,*,*
경제지원,,,,NNP,*,T,경제지원,*,*,*,*,*
유동인구,,,,NNP,*,T,유동인구,*,*,*,*,*
학교지원,,,,NNP,*,T,학교지원,*,*,*,*,*
참여지원,,,,NNP,*,T,참여지원,*,*,*,*,*
차액지원,,,,NNP,*,T,차액지원,*,*,*,*,*
무상지원,,,,NNP,*,T,무상지원,*,*,*,*,*
지원금지원,,,,NNP,*,T,지원금지원,*,*,*,*,*
차량지원,,,,NNP,*,T,차량지원,*,*,*,*,*
서비스지원,,,,NNP,*,T,서비스지원,*,*,*,*,*
자립지원,,,,NNP,*,T,차립지원,*,*,*,*,*
상담지원,,,,NNP,*,T,상담지원,*,*,*,*,*
무료지원,,,,NNP,*,T,무료지원,*,*,*,*,*
교통비지원,,,,NNP,*,T,교통비지원,*,*,*,*,*
지출지원,,,,NNP,*,T,지출지원,*,*,*,*,*
시설지원,,,,NNP,*,T,시설지원,*,*,*,*,*
취업지원,,,,NNP,*,T,취업지원,*,*,*,*,*
창업지원,,,,NNP,*,T,창업지원,*,*,*,*,*
컨설팅지원,,,,NNP,*,T,컨설팅지원,*,*,*,*,*
활성지원,,,,NNP,*,T,활성지원,*,*,*,*,*
복지시설지원,,,,NNP,*,T,복지시설지원,*,*,*,*,*
기금지원,,,,NNP,*,T,기금지원,*,*,*,*,*
교육지원,,,,NNP,*,T,교육지원,*,*,*,*,*
중복지원,,,,NNP,*,T,중복지원,*,*,*,*,*
토목공사,,,,NNP,*,T,토목공사,*,*,*,*,*
보건환경연구원,,,,NNP,*,T,보건환경연구원,*,*,*,*,*
위례시민연대,,,,NNP,*,F,위례시민연대,*,*,*,*,*
정보공개청구,,,,NNP,*,F,정보공개청구,*,*,*,*,*
오염도,,,,NNP,*,F,오염도,*,*,*,*,*
대기오염,,,,NNP,*,F,대기오염,*,*,*,*,*
측정지점,,,,NNP,*,F,측정지점,*,*,*,*,*
저감장치,,,,NNP,*,F,저감장치,*,*,*,*,*
황색광,,,,NNP,*,T,황색광,*,*,*,*,*
메탈핼라이드램프,,,,NNP,*,T,메탈핼라이드램프,*,*,*,*,*
나트륨램프,,,,NNP,*,T,나트퓸램프,*,*,*,*,*
교체사업,,,,NNP,*,T,교체사업,*,*,*,*,*
에너지관리공단,,,,NNP,*,T,에너지관리공단,*,*,*,*,*
에너지사업,,,,NNP,*,F,에너지사업,*,*,*,*,*
재활용,,,,NNP,*,T,재활용,*,*,*,*,*
특화단지,,,,NNP,*,F,특화단지,*,*,*,*,*
자치단체,,,,NNP,*,F,자치단체,*,*,*,*,*
기반시설,,,,NNP,*,T,기반시설,*,*,*,*,*
상하수도,,,,NNP,*,F,상하수도,*,*,*,*,*
신기술,,,,NNP,*,T,신기술,*,*,*,*,*
지역선정,,,,NNP,*,T,지역선정,*,*,*,*,*
유치신청,,,,NNP,*,T,유치신청,*,*,*,*,*
지역경제,,,,NNP,*,F,지역경제,*,*,*,*,*
중요지점,,,,NNP,*,T,중요지점,*,*,*,*,*
도시화,,,,NNP,*,F,도시화,*,*,*,*,*
공원녹지,,,,NNP,*,F,공원녹지,*,*,*,*,*
까치산공원,,,,NNP,*,T,까치산공원,*,*,*,*,*
원당고개,,,,NNP,*,F,까치산공원,*,*,*,*,*
금호산,,,,NNP,*,T,금호산,*,*,*,*,*
국립현충원,,,,NNP,*,T,국립현충원,*,*,*,*,*
녹지축,,,,NNP,*,T,녹지축,*,*,*,*,*
벌고개,,,,NNP,*,F,벌고개,*,*,*,*,*
생물종,,,,NNP,*,T,생물종,*,*,*,*,*
신교통수단,,,,NNP,*,T,신교통수단,*,*,*,*,*
대형버스,,,,NNP,*,F,대형버스,*,*,*,*,*
운행유도장치,,,,NNP,*,F,운행유도장치,*,*,*,*,*
전용차로,,,,NNP,*,F,전용차로,*,*,*,*,*
자기안내궤도,,,,NNP,*,F,자기안내궤도,*,*,*,*,*
무인운전,,,,NNP,*,T,무인운전,*,*,*,*,*
신대방역,,,,NNP,*,T,신대방역,*,*,*,*,*
운행정보,,,,NNP,*,F,운행정보,*,*,*,*,*
운행속도,,,,NNP,*,F,운행속도,*,*,*,*,*
왕복차로,,,,NNP,*,F,왕복차로,*,*,*,*,*
기본설계,,,,NNP,*,F,기본설계,*,*,*,*,*
공개경쟁입찰,,,,NNP,*,T,공개경쟁입찰,*,*,*,*,*
공개경쟁입찰,,,,NNP,*,T,공개경쟁입찰,*,*,*,*,*
매일경제,,,,NNP,*,F,매일경제,*,*,*,*,*
조사자료,,,,NNP,*,F,조사자료,*,*,*,*,*
신도시,,,,NNP,*,F,신도시,*,*,*,*,*
중랑천,,,,NNP,*,T,중랑천,*,*,*,*,*
유해시설,,,,NNP,*,T,유해시설,*,*,*,*,*
주상복합,,,,NNP,*,T,주상복합,*,*,*,*,*
성인오락실,,,,NNP,*,T,성인오락실,*,*,*,*,*
미등록,,,,NNP,*,T,미등록,*,*,*,*,*
차선도로,,,,NNP,*,F,차선도로,*,*,*,*,*
고시촌,,,,NNP,*,T,고시촌,*,*,*,*,*
위생정화구역,,,,NNP,*,T,위생정화구역,*,*,*,*,*
전지역,,,,NNP,*,F,전지역,*,*,*,*,*
호흡기질환자,,,,NNP,*,T,호흡기질환자,*,*,*,*,*
심혈관질환자,,,,NNP,*,T,심혈관질환자,*,*,*,*,*
실외활동,,,,NNP,*,T,실외활동,*,*,*,*,*
실외수업,,,,NNP,*,T,실외수업,*,*,*,*,*
주원인,,,,NNP,*,T,주원인,*,*,*,*,*
녹지면적,,,,NNP,*,T,녹지면적,*,*,*,*,*
녹지화,,,,NNP,*,F,녹지화,*,*,*,*,*
하천변,,,,NNP,*,T,하천변,*,*,*,*,*
마을공원,,,,NNP,*,T,마을공원,*,*,*,*,*
조성사업,,,,NNP,*,T,조성사업,*,*,*,*,*
자연녹지,,,,NNP,*,F,자연녹지,*,*,*,*,*
일반주거지역,,,,NNP,*,T,일반주거지역,*,*,*,*,*
일반상업지역,,,,NNP,*,T,일반상업지역,*,*,*,*,*
공공행정,,,,NNP,*,T,공공행정,*,*,*,*,*
상업주거,,,,NNP,*,F,상업주거,*,*,*,*,*
주거지역,,,,NNP,*,T,주거지역,*,*,*,*,*
준주거지역,,,,NNP,*,T,준주거지역,*,*,*,*,*
마곡시티,,,,NNP,*,F,마곡시티,*,*,*,*,*
녹지지역,,,,NNP,*,T,녹지지역,*,*,*,*,*
국민일보,,,,NNP,*,F,국민일보,*,*,*,*,*
집중호우,,,,NNP,*,F,집중호우,*,*,*,*,*
발생빈도,,,,NNP,*,F,발생빈도,*,*,*,*,*
도시화,,,,NNP,*,F,도시화,*,*,*,*,*
완충지대,,,,NNP,*,F,완충지대,*,*,*,*,*
환경변화,,,,NNP,*,F,환경변화,*,*,*,*,*
침수지역,,,,NNP,*,T,침수지역,*,*,*,*,*
중부지방,,,,NNP,*,F,중부지방,*,*,*,*,*
전담인원,,,,NNP,*,T,전담인원,*,*,*,*,*
빗물받이시설,,,,NNP,*,T,빗물받이시설,*,*,*,*,*
복구비,,,,NNP,*,F,복구비,*,*,*,*,*
수해예방,,,,NNP,*,T,수해예방,*,*,*,*,*
치수사업비,,,,NNP,*,F,치수사업비,*,*,*,*,*
건설교통부,,,,NNP,*,F,건설교통부,*,*,*,*,*
국민총생산,,,,NNP,*,T,국민총생산,*,*,*,*,*
절개지,,,,NNP,*,F,절개지,*,*,*,*,*
도시지역,,,,NNP,*,T,도시지역,*,*,*,*,*
다짐률,,,,NNP,*,T,다짐률,*,*,*,*,*
보수비용,,,,NNP,*,T,보수비용,*,*,*,*,*
인재성사고,,,,NNP,*,F,인재성사고,*,*,*,*,*
예방접종,,,,NNP,*,T,예방접종,*,*,*,*,*
북스타트,,,,NNP,*,F,북스타트,*,*,*,*,*
영양상태,,,,NNP,*,F,영양상태,*,*,*,*,*
하수도시설,,,,NNP,*,F,하수도시설,*,*,*,*,*
의료서비스,,,,NNP,*,F,희료서비스,*,*,*,*,*
건강지표,,,,NNP,*,F,건강지표,*,*,*,*,*
소아천식,,,,NNP,*,T,소아천식,*,*,*,*,*
세계보건기구,,,,NNP,*,F,세계보건기구,*,*,*,*,*
호흡기질환,,,,NNP,*,T,호흡기질환,*,*,*,*,*
위험인구,,,,NNP,*,F,위험인구,*,*,*,*,*
추산통계,,,,NNP,*,F,추산통계,*,*,*,*,*
허용기준치,,,,NNP,*,F,허용기준치,*,*,*,*,*
측정기간,,,,NNP,*,T,측정기간,*,*,*,*,*
환경성,,,,NNP,*,T,환경성,*,*,*,*,*
환경성질환,,,,NNP,*,T,환경성질환,*,*,*,*,*
환경공학자,,,,NNP,*,F,환경공학자,*,*,*,*,*
환경활동가,,,,NNP,*,F,환경활동가,*,*,*,*,*
도서전,,,,NNP,*,T,도서전,*,*,*,*,*
자원봉사자,,,,NNP,*,F,자원봉사자,*,*,*,*,*
지방자치단체,,,,NNP,*,F,지방자치단체,*,*,*,*,*
사회경제적,,,,NNP,*,T,사회경제적,*,*,*,*,*
연구결과,,,,NNP,*,F,연구결과,*,*,*,*,*
환경공학,,,,NNP,*,T,환경공학,*,*,*,*,*
환경정의지표,,,,NNP,*,F,환경정의지표,*,*,*,*,*
인구밀도,,,,NNP,*,F,인구밀도,*,*,*,*,*
실업률,,,,NNP,*,T,실업률,*,*,*,*,*
거주인구,,,,NNP,*,F,거주인구,*,*,*,*,*
대한예방의학회,,,,NNP,*,F,대한예방의학회,*,*,*,*,*
연구논문,,,,NNP,*,T,연구논문,*,*,*,*,*
정보화,,,,NNP,*,F,정보화,*,*,*,*,*
교육기관,,,,NNP,*,T,교육기관,*,*,*,*,*
정보문화사업소,,,,NNP,*,F,정보문화사업소,*,*,*,*,*
대학교수,,,,NNP,*,F,대학교수,*,*,*,*,*
전문인력,,,,NNP,*,T,전문인력,*,*,*,*,*
문화재단,,,,NNP,*,T,문화재단,*,*,*,*,*
옹벽,,,,NNP,*,T,옹벽,*,*,*,*,*
먼지저감,,,,NNP,*,T,먼지저감,*,*,*,*,*
덩쿨식물,,,,NNP,*,T,덩쿨식물,*,*,*,*,*
측면벽,,,,NNP,*,T,측면벽,*,*,*,*,*
조경과,,,,NNP,*,F,조경과,*,*,*,*,*
재선충병,,,,NNP,*,T,재선충별,*,*,*,*,*
재선충,,,,NNP,*,T,재선충,*,*,*,*,*
입산통제,,,,NNP,*,F,입산통제,*,*,*,*,*
반출입금지,,,,NNP,*,F,반출입금지,*,*,*,*,*
지정고시,,,,NNP,*,F,지정고시,*,*,*,*,*
목재벌채,,,,NNP,*,F,목재벌채,*,*,*,*,*
시민단체,,,,NNP,*,F,시민단체,*,*,*,*,*
안전지대,,,,NNP,*,F,안전지대,*,*,*,*,*
매개충,,,,NNP,*,T,매개충,*,*,*,*,*
관리공단,,,,NNP,*,T,관리공단,*,*,*,*,*
정밀조사,,,,NNP,*,F,정밀조사,*,*,*,*,*
화원,,,,NNP,*,T,화원,*,*,*,*,*
이산화탄소,,,,NNP,*,F,이산화탄소,*,*,*,*,*
기후변화,,,,NNP,*,F,기후변화,*,*,*,*,*
양극화,,,,NNP,*,F,양극화,*,*,*,*,*
도시가스,,,,NNP,*,F,도시가스,*,*,*,*,*
생태문화,,,,NNP,*,F,생태문화,*,*,*,*,*
주민의견,,,,NNP,*,T,주민의견,*,*,*,*,*
최우수작,,,,NNP,*,T,최우수작,*,*,*,*,*
문화공간,,,,NNP,*,T,문화공간,*,*,*,*,*
생태학습,,,,NNP,*,T,생태학습,*,*,*,*,*
노인병원,,,,NNP,*,T,노인병원,*,*,*,*,*
생태연못,,,,NNP,*,T,생태연못,*,*,*,*,*
문화예술,,,,NNP,*,T,문화예술,*,*,*,*,*
우리나라,,,,NNP,*,F,우리나라,*,*,*,*,*
초미세먼지,,,,NNP,*,F,초미세먼지,*,*,*,*,*
이온성분,,,,NNP,*,T,이온성분,*,*,*,*,*
금속화합물,,,,NNP,*,T,금속화합물,*,*,*,*,*
탄소화합물,,,,NNP,*,T,탄소화합물,*,*,*,*,*
실태분석,,,,NNP,*,T,실태분석,*,*,*,*,*
국정감사,,,,NNP,*,F,국정감사,*,*,*,*,*
연구보고서,,,,NNP,*,F,연구보고서,*,*,*,*,*
배출량,,,,NNP,*,T,배출량,*,*,*,*,*
주투리공원,,,,NNP,*,T,자투리공원,*,*,*,*,*
국민건강보험공단,,,,NNP,*,T,국민건강보험공단,*,*,*,*,*
지도작성,,,,NNP,*,T,지도작성,*,*,*,*,*
유병률,,,,NNP,*,T,유병률,*,*,*,*,*
발생률,,,,NNP,*,T,발생률,*,*,*,*,*
자투리공원,,,,NNP,*,T,자투리공원,*,*,*,*,*
검사결과,,,,NNP,*,F,검사결과,*,*,*,*,*
먹는물,,,,NNP,*,T,먹는물,*,*,*,*,*
공동시설,,,,NNP,*,T,공동시설,*,*,*,*,*
영향물질,,,,NNP,*,T,영향물질,*,*,*,*,*
총대장균군,,,,NNP,*,T,총대장균군,*,*,*,*,*
증발잔류물,,,,NNP,*,T,증발잔류물,*,*,*,*,*
심미적영향물질,,,,NNP,*,T,심미적영향물질,*,*,*,*,*
질산성질소,,,,NNP,*,F,질산성질소,*,*,*,*,*
물공동시설,,,,NNP,*,T,물공동시설,*,*,*,*,*
야생동물,,,,NNP,*,T,야생동물,*,*,*,*,*
사용중지,,,,NNP,*,F,사용중지,*,*,*,*,*
사용금지,,,,NNP,*,F,사용금지,*,*,*,*,*
금연아파트,,,,NNP,*,F,금연아파트,*,*,*,*,*
현장조사,,,,NNP,*,F,현장조사,*,*,*,*,*
수질분석,,,,NNP,*,T,수질분석,*,*,*,*,*
마무리,,,,NNP,*,F,마무리,*,*,*,*,*
첨단공법,,,,NNP,*,T,첨단공법,*,*,*,*,*
개발이용시설,,,,NNP,*,T,개발이용시설,*,*,*,*,*
수질기준,,,,NNP,*,T,수질기준,*,*,*,*,*
지방환경관리청,,,,NNP,*,T,지방환경관리청,*,*,*,*,*
물종합처리타운,,,,NNP,*,T,물종합처리타운,*,*,*,*,*
윌빙시설,,,,NNP,*,T,윌빙시설,*,*,*,*,*
환경관찰시설,,,,NNP,*,T,환경관찰시설,*,*,*,*,*
소각시설,,,,NNP,*,T,소각시설,*,*,*,*,*
지역낭방공사,,,,NNP,*,F,지역낭방공사,*,*,*,*,*
민간시설,,,,NNP,*,T,민간시설,*,*,*,*,*
체육문화센터,,,,NNP,*,T,체육문화센터,*,*,*,*,*
주민복지시설,,,,NNP,*,T,주민복지시설,*,*,*,*,*
소각잔재,,,,NNP,*,T,소각잔재,*,*,*,*,*
첨단공법,,,,NNP,*,T,첨단공법,*,*,*,*,*
어린이놀이터,,,,NNP,*,F,어린이놀이터,*,*,*,*,*
야생화단지,,,,NNP,*,F,야생화단지,*,*,*,*,*
산소요구량,,,,NNP,*,T,산소요구량,*,*,*,*,* 
하수처리장,,,,NNP,*,T,하수처리장,*,*,*,*,*
상수원,,,,NNP,*,T,상수원,*,*,*,*,*
생물학적,,,,NNP,*,T,생물학적,*,*,*,*,*
한강수계,,,,NNP,*,F,한강수계,*,*,*,*,*
비점오염물질,,,,NNP,*,T,비점오염물질,*,*,*,*,*
자연친화,,,,NNP,*,F,자연친화,*,*,*,*,*
생활양식,,,,NNP,*,T,생활양식,*,*,*,*,*
자연경관,,,,NNP,*,T,자연경관,*,*,*,*,*
환경놀이터,,,,NNP,*,F,환경놀이터,*,*,*,*,*
원형극장,,,,NNP,*,T,원형극장,*,*,*,*,*
취수장,,,,NNP,*,T,취수장,*,*,*,*,*
정수사업소,,,,NNP,*,F,정수사업소,*,*,*,*,*
오염원,,,,NNP,*,T,오염원,*,*,*,*,*
취수원,,,,NNP,*,T,치수원,*,*,*,*,*
간접취수,,,,NNP,*,T,간접취수,*,*,*,*,*
고도정수처리,,,,NNP,*,F,고도정수처리,*,*,*,*,*
수질검사,,,,NNP,*,F,수질검사,*,*,*,*,*
한강하류,,,,NNP,*,F,한강하류,*,*,*,*,*
한강상류,,,,NNP,*,F,한강상류,*,*,*,*,*
유채꽃,,,,NNP,*,T,유채꽃,*,*,*,*,*
편의시설,,,,NNP,*,T,편의시설,*,*,*,*,*
수상택시,,,,NNP,*,T,수상택시,*,*,*,*,*
염색공장,,,,NNP,*,T,염색공장,*,*,*,*,*
주거환경,,,,NNP,*,T,주거환경,*,*,*,*,*
공해업체,,,,NNP,*,T,공해업체,*,*,*,*,*
도시형,,,,NNP,*,T,도시형,*,*,*,*,*
첨단시설,,,,NNP,*,T,첨단시설,*,*,*,*,*
국립산림과학원,,,,NNP,*,T,국립산림과학원,*,*,*,*,*
회복사업,,,,NNP,*,T,회복사업,*,*,*,*,*
복선전철,,,,NNP,*,T,복선전철,*,*,*,*,*
한강유역환경청,,,,NNP,*,T,한강유역환경청,*,*,*,*,*
폐타이어,,,,NNP,*,F,폐타이어,*,*,*,*,*
수중보호,,,,NNP,*,F,수중보호,*,*,*,*,*
수중정화,,,,NNP,*,F,수중정화,*,*,*,*,*
질소산화물,,,,NNP,*,T,질소산화물,*,*,*,*,*
경제개발협력기구,,,,NNP,*,F,경제개발협력기구,*,*,*,*,*
산업시설,,,,NNP,*,T,산업시설,*,*,*,*,*
저공해,,,,NNP,*,F,저공해,*,*,*,*,*
수도권,,,,NNP,*,T,수도권,*,*,*,*,*
대기질,,,,NNP,*,T,대기질,*,*,*,*,*
특별대책,,,,NNP,*,T,특별대책,*,*,*,*,*
심혈관계질환,,,,NNP,*,F,심혈관계질환,*,*,*,*,*
비무장지대,,,,NNP,*,F,비무장지대,*,*,*,*,*
아프리카돼지열병,,,,NNP,*,F,아프리카돼지열병,*,*,*,*,*
국립생물자원관,,,,NNP,*,F,국립생물자원관,*,*,*,*,*
민통선,,,,NNP,*,F,민통선,*,*,*,*,*
돼지열병,,,,NNP,*,F,돼지열병,*,*,*,*,*
민간인,,,,NNP,*,F,민간인,*,*,*,*,*
출입통제선,,,,NNP,*,F,출입통제선,*,*,*,*,*
3R,,,,NNP,*,F,3R,*,*,*,*,*
3차원 소음지도,,,,NNP,*,T,3차원 소음지도,*,*,*,*,*
4대강사업,,,,NNP,*,T,4대강사업,*,*,*,*,*
4차 산업혁명,,,,NNP,*,T,4차 산업혁명,*,*,*,*,*
6가크롬,,,,NNP,*,T,6가크롬,*,*,*,*,*
ABS,,,,NNP,*,F,ABS,*,*,*,*,*
ABSCH,,,,NNP,*,F,ABSCH,*,*,*,*,*
BAU,,,,NNP,*,F,BAU,*,*,*,*,*
BOD,,,,NNP,*,F,BOD,*,*,*,*,*
C40,,,,NNP,*,F,C40,*,*,*,*,*
CITES,,,,NNP,*,F,CITES,*,*,*,*,*
CMIT,,,,NNP,*,F,CMIT,*,*,*,*,*
MIT,,,,NNP,*,F,MIT,*,*,*,*,*
COD,,,,NNP,*,F,COD,*,*,*,*,*
DDAC,,,,NNP,*,F,DDAC,*,*,*,*,*
DDT,,,,NNP,*,F,DDT,*,*,*,*,*
DNA,,,,NNP,*,F,DNA,*,*,*,*,*
DO,,,,NNP,*,F,DO,*,*,*,*,*
EPA,,,,NNP,*,F,EPA,*,*,*,*,*
ESCO,,,,NNP,*,F,ESCO,*,*,*,*,*
EU 신화학물질 관리제도,,,,NNP,*,T,EU 신화학물질 관리제도,*,*,*,*,*
EURO 기준,,,,NNP,*,T,EURO 기준,*,*,*,*,*
EV 선도도시,,,,NNP,*,T,EV 선도도시,*,*,*,*,*
Eco-Star? 프로젝트,,,,NNP,*,T,Eco-Star? 프로젝트,*,*,*,*,*
GDI 엔진,,,,NNP,*,T,GDI 엔진,*,*,*,*,*
HACCP,,,,NNP,*,F,HACCP,*,*,*,*,*
HB 인증 마크,,,,NNP,*,T,HB 인증 마크,*,*,*,*,*
HS CODE,,,,NNP,*,F,HS CODE,*,*,*,*,*
IPCC,,,,NNP,*,F,IPCC,*,*,*,*,*
ISO 14000,,,,NNP,*,F,ISO 14000,*,*,*,*,*
ISO,,,,NNP,*,F,ISO,*,*,*,*,*
IUCN 국제 보호지역 통합관리체계,,,,NNP,*,T,IUCN 국제 보호지역 통합관리체계,*,*,*,*,*
IUCN 녹색목록,,,,NNP,*,T,IUCN 녹색목록,*,*,*,*,*
IUCN 적색목록,,,,NNP,*,T,IUCN 적색목록,*,*,*,*,*
KRF,,,,NNP,*,F,KRF,*,*,*,*,*
LCI,,,,NNP,*,F,LCI,*,*,*,*,*
LED,,,,NNP,*,T,LED,*,*,*,*,*
LPI 시스템,,,,NNP,*,T,LPI 시스템,*,*,*,*,*
LULUCF,,,,NNP,*,F,LULUCF,*,*,*,*,*
NEASPEC,,,,NNP,*,F,NEASPEC,*,*,*,*,*
NOWPAP,,,,NNP,*,F,NOWPAP,*,*,*,*,*
OECD 환경정책위원회,,,,NNP,*,T,OECD 환경정책위원회,*,*,*,*,*
OPRC-HNS 협약,,,,NNP,*,T,OPRC-HNS 협약,*,*,*,*,*
P-디클로로벤젠,,,,NNP,*,T,P-디클로로벤젠,*,*,*,*,*
PHMG,,,,NNP,*,F,PHMG,*,*,*,*,*
REDD+,,,,NNP,*,F,REDD+,*,*,*,*,*
RFID 기반 음식물쓰레기 관리시스템,,,,NNP,*,T,RFID 기반 음식물쓰레기 관리시스템,*,*,*,*,*
SRES,,,,NNP,*,T,SRES,*,*,*,*,*
SULEV,,,,NNP,*,F,SULEV,*,*,*,*,*
TOC,,,,NNP,*,F,TOC,*,*,*,*,*
TOE,,,,NNP,*,F,TOE,*,*,*,*,*
Tier-4 엔진,,,,NNP,*,T,Tier-4 엔진,*,*,*,*,*
UN 아태 경제사회이사회,,,,NNP,*,T,UN 아태 경제사회이사회,*,*,*,*,*
WTO 무역환경위원회,,,,NNP,*,T,WTO 무역환경위원회,*,*,*,*,*
WTO,,,,NNP,*,F,WTO,*,*,*,*,*
pH,,,,NNP,*,F,pH,*,*,*,*,*
ppb,,,,NNP,*,F,ppb,*,*,*,*,*
ppm,,,,NNP,*,F,ppm,*,*,*,*,*
tC,,,,NNP,*,F,tC,*,*,*,*,*
tCO2,,,,NNP,*,F,tCO2,*,*,*,*,*
가락지 부착조사,,,,NNP,*,T,가락지 부착조사,*,*,*,*,*
가스상 오염물,,,,NNP,*,T,가스상 오염물,*,*,*,*,*
가습기살균제,,,,NNP,*,T,가습기살균제,*,*,*,*,*
가시피해,,,,NNP,*,F,가시피해,*,*,*,*,*
가연성쓰레기,,,,NNP,*,T,가연성쓰레기,*,*,*,*,*
가와사키병,,,,NNP,*,T,가와사키병,*,*,*,*,*
가이아,,,,NNP,*,F,가이아,*,*,*,*,*
가축분뇨,,,,NNP,*,T,가축분뇨,*,*,*,*,*
간이상수도,,,,NNP,*,T,간이상수도,*,*,*,*,*
간이처리,,,,NNP,*,T,간이처리,*,*,*,*,*
감각공해,,,,NNP,*,T,감각공해,*,*,*,*,*
감마선,,,,NNP,*,T,감마선,*,*,*,*,*
강변여과수,,,,NNP,*,T,강변여과수,*,*,*,*,*
강원선언문,,,,NNP,*,T,강원선언문,*,*,*,*,*
강하먼지,,,,NNP,*,T,강하먼지,*,*,*,*,*
개도국 녹색경제 이행지원사업,,,,NNP,*,T,개도국 녹색경제 이행지원사업,*,*,*,*,*
개도국 차별화,,,,NNP,*,T,개도국 차별화,*,*,*,*,*
개발제한구역,,,,NNP,*,T,개발제한구역,*,*,*,*,*
개체군,,,,NNP,*,T,개체군,*,*,*,*,*
갯벌정보시스템,,,,NNP,*,T,갯벌정보시스템,*,*,*,*,*
건강나누리캠프,,,,NNP,*,T,건강나누리캠프,*,*,*,*,*
건강영향평가제도,,,,NNP,*,T,건강영향평가제도,*,*,*,*,*
건설폐기물,,,,NNP,*,T,건설폐기물,*,*,*,*,*
건성침적,,,,NNP,*,T,건성침적,*,*,*,*,*
건식 탈황법,,,,NNP,*,T,건식 탈황법,*,*,*,*,*
건조단열감률,,,,NNP,*,T,건조단열감률,*,*,*,*,*
건축물 에너지소비총량제,,,,NNP,*,T,건축물 에너지소비총량제,*,*,*,*,*
건축물 에너지효율 등급 인증제도,,,,NNP,*,T,건축물 에너지효율 등급 인증제도,*,*,*,*,*
건축물석면관리제도,,,,NNP,*,T,건축물석면관리제도,*,*,*,*,*
건축물석면지도,,,,NNP,*,T,건축물석면지도,*,*,*,*,*
검댕,,,,NNP,*,T,검댕,*,*,*,*,*
게놈,,,,NNP,*,T,게놈,*,*,*,*,*
겨울철 조류 동시 센서스,,,,NNP,*,T,겨울철 조류 동시 센서스,*,*,*,*,*
경도,,,,NNP,*,T,경도,*,*,*,*,*
경수,,,,NNP,*,T,경수,*,*,*,*,*
경유차,,,,NNP,*,T,경유차,*,*,*,*,*
매연저감장치,,,,NNP,*,T,매연저감장치,*,*,*,*,*
실도로,,,,NNP,*,T,실도로,*,*,*,*,*
배출가스관리제도,,,,NNP,*,T,배출가스관리제도,*,*,*,*,*
후처리기술,,,,NNP,*,T,후처리기술,*,*,*,*,*
배출가스시험법,,,,NNP,*,T,배출가스시험법,*,*,*,*,*
계면활성제,,,,NNP,*,T,계면활성제,*,*,*,*,*
고기후학,,,,NNP,*,T,고기후학,*,*,*,*,*
고도처리,,,,NNP,*,F,고도처리,*,*,*,*,*
고독성물질,,,,NNP,*,T,고독성물질,*,*,*,*,*
고밀도폴리에틸렌,,,,NNP,*,T,고밀도폴리에틸렌,*,*,*,*,*
고분자응집제,,,,NNP,*,T,고분자응집제,*,*,*,*,*
고산대,,,,NNP,*,T,고산대,*,*,*,*,*
고온열분해,,,,NNP,*,T,고온열분해,*,*,*,*,*
고유종,,,,NNP,*,T,고유종,*,*,*,*,*
고준위방사성폐기물,,,,NNP,*,T,고준위방사성폐기물,*,*,*,*,*
고체연료 사용금지 제도,,,,NNP,*,T,고체연료 사용금지 제도,*,*,*,*,*
고층습원,,,,NNP,*,T,고층습원,*,*,*,*,*
고효율에너지기자재인증제도,,,,NNP,*,T,고효율에너지기자재인증제도,*,*,*,*,*
공공재,,,,NNP,*,T,공공재,*,*,*,*,*
이행체제,,,,NNP,*,T,이행체제,*,*,*,*,*
공생,,,,NNP,*,T,공생,*,*,*,*,*
공업폐수,,,,NNP,*,T,공업폐수,*,*,*,*,*
공유수면,,,,NNP,*,T,공유수면,*,*,*,*,*
공유지의 비극,,,,NNP,*,T,공유지의 비극,*,*,*,*,*
공적개발원조,,,,NNP,*,T,공적개발원조,*,*,*,*,*
공정무역,,,,NNP,*,T,공정무역,*,*,*,*,*
공통의 차별화된 책임,,,,NNP,*,T,공통의 차별화된 책임,*,*,*,*,*
LEXS ,,,,NNP,*,F,LEXS ,*,*,*,*,*
ISG,,,,NNP,*,F,ISG,*,*,*,*,*
BM,,,,NNP,*,F,BM,*,*,*,*,*
GF,,,,NNP,*,F,GF,*,*,*,*,*
과망간산칼륨,,,,NNP,*,T,과망간산칼륨,*,*,*,*,*
과불화탄소,,,,NNP,*,T,과불화탄소,*,*,*,*,*
과불화화합물,,,,NNP,*,T,과불화화합물,*,*,*,*,*
과산화수소,,,,NNP,*,F,과산화수소,*,*,*,*,*
과잉염소처리,,,,NNP,*,T,과잉염소처리,*,*,*,*,*
관개용수,,,,NNP,*,T,관개용수,*,*,*,*,*
관거,,,,NNP,*,T,관거,*,*,*,*,*
광독성,,,,NNP,*,T,광독성,*,*,*,*,*
광물찌꺼기,,,,NNP,*,T,광물찌꺼기,*,*,*,*,*
광산란법,,,,NNP,*,T,광산란법,*,*,*,*,*
광산폐기물,,,,NNP,*,T,광산폐기물,*,*,*,*,*
광산폐수,,,,NNP,*,T,광산폐수,*,*,*,*,*
광산화물질,,,,NNP,*,T,광산화물질,*,*,*,*,*
광역상수도,,,,NNP,*,T,광역상수도,*,*,*,*,*
광열간섭,,,,NNP,*,T,광열간섭,*,*,*,*,*
광침입,,,,NNP,*,T,광침입,*,*,*,*,*
광화학스모그,,,,NNP,*,T,광화학스모그,*,*,*,*,*
교목,,,,NNP,*,T,교목,*,*,*,*,*
교토메커니즘,,,,NNP,*,T,교토메커니즘,*,*,*,*,*
교토의정서,,,,NNP,*,T,교토의정서,*,*,*,*,*
교통환경에너지세,,,,NNP,*,T,교통환경에너지세,*,*,*,*,*
구제역,,,,NNP,*,T,구제역,*,*,*,*,*
국가 CDM 사업 승인기구,,,,NNP,*,T,국가 CDM 사업 승인기구,*,*,*,*,*
CBIS,,,,NNP,*,F,CBIS,*,*,*,*,*
기후변화 적응센터,,,,NNP,*,T,기후변화 적응센터,*,*,*,*,*
기후변화 적응대책,,,,NNP,*,T,기후변화 적응대책,*,*,*,*,*
생물자원 인벤토리,,,,NNP,*,T,생물자원 인벤토리,*,*,*,*,*
국가결정 기여,,,,NNP,*,T,국가결정 기여,*,*,*,*,*
NAMIS,,,,NNP,*,F,NAMIS,*,*,*,*,*
국가대기질통합관리센터,,,,NNP,*,T,국가대기질통합관리센터,*,*,*,*,*
국가물산업클러스터,,,,NNP,*,T,국가물산업클러스터,*,*,*,*,*
국가보호종,,,,NNP,*,T,국가보호종,*,*,*,*,*
NBSAP,,,,NNP,*,F,NBSAP,*,*,*,*,*
국가생물종 목록,,,,NNP,*,T,국가생물종 목록,*,*,*,*,*
국가소음정보시스템,,,,NNP,*,T,국가소음정보시스템,*,*,*,*,*
국가안전대진단,,,,NNP,*,T,국가안전대진단,*,*,*,*,*
국가야생식물종자은행,,,,NNP,*,T,국가야생식물종자은행,*,*,*,*,*
국가자원순환지표,,,,NNP,*,T,국가자원순환지표,*,*,*,*,*
국가지속가능발전기본계획,,,,NNP,*,T,국가지속가능발전기본계획,*,*,*,*,*
국가지정관리종,,,,NNP,*,T,국가지정관리종,*,*,*,*,*
국가지질공원,,,,NNP,*,T,국가지질공원,*,*,*,*,*
국가해양환경교육,,,,NNP,*,T,국가해양환경교육,*,*,*,*,*
센터,,,,NNP,*,T,센터,*,*,*,*,*
국가환경정보센터,,,,NNP,*,T,국가환경정보센터,*,*,*,*,*
국가환경종합계획,,,,NNP,*,T,국가환경종합계획,*,*,*,*,*
국가환경지도,,,,NNP,*,T,국가환경지도,*,*,*,*,*
국립공원,,,,NNP,*,T,국립공원,*,*,*,*,*
명품마을사업,,,,NNP,*,T,명품마을사업,*,*,*,*,*
특별보호구역,,,,NNP,*,T,특별보호구역,*,*,*,*,*
국립낙동강생물자원관,,,,NNP,*,T,국립낙동강생물자원관,*,*,*,*,*
국립멸종위기종복원센터,,,,NNP,*,T,국립멸종위기종복원센터,*,*,*,*,*
국립생물자원관,,,,NNP,*,T,국립생물자원관,*,*,*,*,*
국립생태원,,,,NNP,*,T,국립생태원,*,*,*,*,*
국립습지센터,,,,NNP,*,T,국립습지센터,*,*,*,*,*
국립환경과학원,,,,NNP,*,T,국립환경과학원,*,*,*,*,*
국립환경인력개발원,,,,NNP,*,T,국립환경인력개발원,*,*,*,*,*
국민 환경보건 기초조사,,,,NNP,*,T,국민 환경보건 기초조사,*,*,*,*,*
국민신탁운동,,,,NNP,*,T,국민신탁운동,*,*,*,*,*
국민환경지표,,,,NNP,*,T,국민환경지표,*,*,*,*,*
국외반출승인대상종,,,,NNP,*,T,국외반출승인대상종,*,*,*,*,*
국제 연안정화의 날,,,,NNP,*,T,국제 연안정화의 날,*,*,*,*,*
국제에너지기구,,,,NNP,*,T,국제에너지기구,*,*,*,*,*
국제유해화학물질등록제도,,,,NNP,*,T,국제유해화학물질등록제도,*,*,*,*,*
국제지권생물권계획,,,,NNP,*,T,국제지권생물권계획,*,*,*,*,*
국제화학물질 안정성계획,,,,NNP,*,T,국제화학물질 안정성계획,*,*,*,*,*
국제환경규제 종합정보망,,,,NNP,*,T,국제환경규제 종합정보망,*,*,*,*,*
국지오염,,,,NNP,*,T,국지오염,*,*,*,*,*
국토환경성평가지도,,,,NNP,*,T,국토환경성평가지도,*,*,*,*,*
국토환경정보센터,,,,NNP,*,T,국토환경정보센터,*,*,*,*,*
군락,,,,NNP,*,T,군락,*,*,*,*,*
군립공원,,,,NNP,*,T,군립공원,*,*,*,*,*
군소 도서국가 연합,,,,NNP,*,T,군소 도서국가 연합,*,*,*,*,*
군체,,,,NNP,*,T,군체,*,*,*,*,*
굴뚝원격감시시스템,,,,NNP,*,T,굴뚝원격감시시스템,*,*,*,*,*
규제비용총량제,,,,NNP,*,T,규제비용총량제,*,*,*,*,*
규제의 그레샴의 법칙,,,,NNP,*,T,규제의 그레샴의 법칙,*,*,*,*,*
규조,,,,NNP,*,F,규조,*,*,*,*,*
균류,,,,NNP,*,T,균류,*,*,*,*,*
균총,,,,NNP,*,T,균총,*,*,*,*,*
그린 GNP,,,,NNP,*,T,그린 GNP,*,*,*,*,*
그린 골드러시,,,,NNP,*,T,그린 골드러시,*,*,*,*,*
그린 업그레이드,,,,NNP,*,T,그린 업그레이드,*,*,*,*,*
그린 오션,,,,NNP,*,T,그린 오션,*,*,*,*,*
그린 주주권 운동,,,,NNP,*,T,그린 주주권 운동,*,*,*,*,*
그린라운드,,,,NNP,*,T,그린라운드,*,*,*,*,*
그린마케팅,,,,NNP,*,T,그린마케팅,*,*,*,*,*
그린빌딩,,,,NNP,*,T,그린빌딩,*,*,*,*,*
그린빗물인프라,,,,NNP,*,T,그린빗물인프라,*,*,*,*,*
그린시티,,,,NNP,*,T,그린시티,*,*,*,*,*
그린워싱,,,,NNP,*,T,그린워싱,*,*,*,*,*
그린잡,,,,NNP,*,T,그린잡,*,*,*,*,*
그린카드,,,,NNP,*,T,그린카드,*,*,*,*,*
그린캠퍼스,,,,NNP,*,T,그린캠퍼스,*,*,*,*,*
그린포인트,,,,NNP,*,T,그린포인트,*,*,*,*,*
그린피스,,,,NNP,*,T,그린피스,*,*,*,*,*
그을음,,,,NNP,*,T,그을음,*,*,*,*,*
극상림,,,,NNP,*,T,극상림,*,*,*,*,*
극한기후,,,,NNP,*,T,극한기후,*,*,*,*,*
극한기후 지수,,,,NNP,*,T,극한기후 지수,*,*,*,*,*
극한기후 현상,,,,NNP,*,T,극한기후 현상,*,*,*,*,*
극한환경 미생물,,,,NNP,*,T,극한환경 미생물,*,*,*,*,*
근린소음,,,,NNP,*,T,근린소음,*,*,*,*,*
글로벌 이행점검,,,,NNP,*,T,글로벌 이행점검,*,*,*,*,*
금속성 분진,,,,NNP,*,T,금속성 분진,*,*,*,*,*
금지물질,,,,NNP,*,T,금지물질,*,*,*,*,*
급성독성,,,,NNP,*,T,급성독성,*,*,*,*,*
기계적 폐기물 처리시설,,,,NNP,*,T,기계적 폐기물 처리시설,*,*,*,*,*
기내배양,,,,NNP,*,T,기내배양,*,*,*,*,*
기름오염,,,,NNP,*,T,기름오염,*,*,*,*,*
기름유출,,,,NNP,*,T,기름유출,*,*,*,*,*
기상관측 표준화법,,,,NNP,*,T,기상관측 표준화법,*,*,*,*,*
기상위성,,,,NNP,*,T,기상위성,*,*,*,*,*
기수역,,,,NNP,*,T,기수역,*,*,*,*,*
기온역전,,,,NNP,*,T,기온역전,*,*,*,*,*
기존화학물질,,,,NNP,*,T,기존화학물질,*,*,*,*,*
기준배출량,,,,NNP,*,T,기준배출량,*,*,*,*,*
기준용량,,,,NNP,*,T,기준용량,*,*,*,*,*
기준표본,,,,NNP,*,T,기준표본,*,*,*,*,*
기후 및 청정대기 연합,,,,NNP,*,T,기후 및 청정대기 연합,*,*,*,*,*
기후모델,,,,NNP,*,T,기후모델,*,*,*,*,*
기후변화,,,,NNP,*,T,기후변화,*,*,*,*,*
기후변화 대응지수,,,,NNP,*,T,기후변화 대응지수,*,*,*,*,*
생물지표종,,,,NNP,*,T,생물지표종,*,*,*,*,*
기후변화 시나리오,,,,NNP,*,T,기후변화 시나리오,*,*,*,*,*
기후변화 완화,,,,NNP,*,T,기후변화 완화,*,*,*,*,*
기후변화 적응,,,,NNP,*,T,기후변화 적응,*,*,*,*,*
기후변화 취약성,,,,NNP,*,T,기후변화 취약성,*,*,*,*,*
기후변화 취약성 평가 지원 도구 시스템,,,,NNP,*,T,기후변화 취약성 평가 지원 도구 시스템,*,*,*,*,*
기후변화 협약 국가보고서,,,,NNP,*,T,기후변화 협약 국가보고서,*,*,*,*,*
기후변화지수,,,,NNP,*,T,기후변화지수,*,*,*,*,*
기후변화협약 과학기술자문 부속기구,,,,NNP,*,T,기후변화협약 과학기술자문 부속기구,*,*,*,*,*
기후변화협약 당사국총회,,,,NNP,*,T,기후변화협약 당사국총회,*,*,*,*,*
기후변화협약,,,,NNP,*,T,기후변화협약,*,*,*,*,*
기후시스템,,,,NNP,*,T,기후시스템,*,*,*,*,*
기후정의,,,,NNP,*,T,기후정의,*,*,*,*,*
기후최적기,,,,NNP,*,T,기후최적기,*,*,*,*,*
기후피드백,,,,NNP,*,T,기후피드백,*,*,*,*,*
기후회복력,,,,NNP,*,T,기후회복력,*,*,*,*,*
나고야의정서,,,,NNP,*,T,나고야의정서,*,*,*,*,*
나노물질,,,,NNP,*,T,나노물질,*,*,*,*,*
나이로비선언,,,,NNP,*,T,나이로비선언,*,*,*,*,*
낙동강물환경연구소,,,,NNP,*,T,낙동강물환경연구소,*,*,*,*,*
난지도,,,,NNP,*,T,난지도,*,*,*,*,*
남극조약,,,,NNP,*,T,남극조약,*,*,*,*,*
북방계 식물,,,,NNP,*,T,북방계 식물,*,*,*,*,*
남방계 식물,,,,NNP,*,T,남방계 식물,*,*,*,*,*
남조류,,,,NNP,*,T,남조류,*,*,*,*,*
납사,,,,NNP,*,T,납사,*,*,*,*,*
납오염,,,,NNP,*,T,납오염,*,*,*,*,*
내륙습지,,,,NNP,*,T,내륙습지,*,*,*,*,*
내분비계 장애물질,,,,NNP,*,T,내분비계 장애물질,*,*,*,*,*
냄새물질,,,,NNP,*,T,냄새물질,*,*,*,*,*
냉난방도일,,,,NNP,*,T,냉난방도일,*,*,*,*,*
네거티브형 재활용제도,,,,NNP,*,T,네거티브형 재활용제도,*,*,*,*,*
노로바이러스,,,,NNP,*,F,노로바이러스,*,*,*,*,*
노출계수,,,,NNP,*,T,노출계수,*,*,*,*,*
노출허용량,,,,NNP,*,T,노출허용량,*,*,*,*,*
노후경유자동차,,,,NNP,*,T,노후경유자동차,*,*,*,*,*
운행제한제도,,,,NNP,*,T,운행제한제도,*,*,*,*,*
녹색 ODA,,,,NNP,*,T,녹색 ODA,*,*,*,*,*
녹색건축 인증,,,,NNP,*,T,녹색건축 인증,*,*,*,*,*
녹색경영기업,,,,NNP,*,T,녹색경영기업,*,*,*,*,*
금융지원시스템,,,,NNP,*,T,금융지원시스템,*,*,*,*,*
녹색경제,,,,NNP,*,T,녹색경제,*,*,*,*,*
녹색구매제도,,,,NNP,*,T,녹색구매제도,*,*,*,*,*
녹색구매지원센터,,,,NNP,*,T,녹색구매지원센터,*,*,*,*,*
녹색금융,,,,NNP,*,T,녹색금융,*,*,*,*,*
녹색기후기금,,,,NNP,*,T,녹색기후기금,*,*,*,*,*
녹색소비자운동,,,,NNP,*,T,녹색소비자운동,*,*,*,*,*
녹색인증,,,,NNP,*,T,녹색인증,*,*,*,*,*
녹색제품,,,,NNP,*,T,녹색제품,*,*,*,*,*
녹조류,,,,NNP,*,T,녹조류,*,*,*,*,*
녹조현상,,,,NNP,*,T,녹조현상,*,*,*,*,*
녹지,,,,NNP,*,T,녹지,*,*,*,*,*
농공단지폐수종말처리시설,,,,NNP,*,T,농공단지폐수종말처리시설,*,*,*,*,*
농도규제,,,,NNP,*,T,농도규제,*,*,*,*,*
농약공업폐수,,,,NNP,*,T,농약공업폐수,*,*,*,*,*
농약공해,,,,NNP,*,T,농약공해,*,*,*,*,*
농약잔류허용기준,,,,NNP,*,T,농약잔류허용기준,*,*,*,*,*
누수량,,,,NNP,*,T,누수량,*,*,*,*,*
누적영향평가제도,,,,NNP,*,T,누적영향평가제도,*,*,*,*,*
니켈,,,,NNP,*,T,니켈,*,*,*,*,*
니트로소 화합물,,,,NNP,*,T,니트로소 화합물,*,*,*,*,*
님비현상,,,,NNP,*,T,님비현상,*,*,*,*,*
다운워싱,,,,NNP,*,T,다운워싱,*,*,*,*,*
다이옥신,,,,NNP,*,T,다이옥신,*,*,*,*,*
다코닐,,,,NNP,*,T,다코닐,*,*,*,*,*
다환방향족탄화수소,,,,NNP,*,T,다환방향족탄화수소,*,*,*,*,*
단순매립,,,,NNP,*,T,단순매립,*,*,*,*,*
대기,,,,NNP,*,F,대기,*,*,*,*,*
대기 대순환,,,,NNP,*,T,대기 대순환,*,*,*,*,*
대기 배출기준,,,,NNP,*,T,대기 배출기준,*,*,*,*,*
대기관리권역,,,,NNP,*,T,대기관리권역,*,*,*,*,*
대기대순환 모델,,,,NNP,*,T,대기대순환 모델,*,*,*,*,*
대기배출원 관리시스템,,,,NNP,*,T,대기배출원 관리시스템,*,*,*,*,*
대기보존,,,,NNP,*,T,대기보존,*,*,*,*,*
특별대책지역,,,,NNP,*,T,특별대책지역,*,*,*,*,*
대기압,,,,NNP,*,T,대기압,*,*,*,*,*
대기오염,,,,NNP,*,T,대기오염,*,*,*,*,*
대기오염 측정망,,,,NNP,*,T,대기오염 측정망,*,*,*,*,*
대기오염물질,,,,NNP,*,T,대기오염물질,*,*,*,*,*
총량관리제도,,,,NNP,*,T,총량관리제도,*,*,*,*,*
대기오염원,,,,NNP,*,T,대기오염원,*,*,*,*,*
대기전력,,,,NNP,*,T,대기전력,*,*,*,*,*
저감프로그램,,,,NNP,*,T,저감프로그램,*,*,*,*,*
CAPMOS,,,,NNP,*,F,CAPMOS,*,*,*,*,*
대기중금속측정망,,,,NNP,*,T,대기중금속측정망,*,*,*,*,*
대기질 모델링,,,,NNP,*,T,대기질 모델링,*,*,*,*,*
대기질 예경보제,,,,NNP,*,T,대기질 예경보제,*,*,*,*,*
대기확산 지수,,,,NNP,*,T,대기확산 지수,*,*,*,*,*
대기환경 규제지역,,,,NNP,*,T,대기환경 규제지역,*,*,*,*,*
대기환경 기준,,,,NNP,*,T,대기환경 기준,*,*,*,*,*
대기환경보전법,,,,NNP,*,T,대기환경보전법,*,*,*,*,*
SIDS,,,,NNP,*,F,SIDS,*,*,*,*,*
대량증식,,,,NNP,*,T,대량증식,*,*,*,*,*
대류권,,,,NNP,*,T,대류권,*,*,*,*,*
대사물질,,,,NNP,*,T,대사물질,*,*,*,*,*
대체에너지,,,,NNP,*,T,대체에너지,*,*,*,*,*
RCP,,,,NNP,*,F,RCP,*,*,*,*,*
대형폐기물,,,,NNP,*,T,대형폐기물,*,*,*,*,*
더스트,,,,NNP,*,F,더스트,*,*,*,*,*
데시벨,,,,NNP,*,T,데시벨,*,*,*,*,*
도금폐수,,,,NNP,*,T,도금폐수,*,*,*,*,*
도로 재비산먼지,,,,NNP,*,T,도로 재비산먼지,*,*,*,*,*
도로먼지지도,,,,NNP,*,T,도로먼지지도,*,*,*,*,*
도립공원,,,,NNP,*,T,도립공원,*,*,*,*,*
도시광산,,,,NNP,*,T,도시광산,*,*,*,*,*
도시기후,,,,NNP,*,F,도시기후,*,*,*,*,*
도시사막화,,,,NNP,*,T,도시사막화,*,*,*,*,*
도시생태현황지도,,,,NNP,*,T,도시생태현황지도,*,*,*,*,*
도시열섬현상,,,,NNP,*,T,도시열섬현상,*,*,*,*,*
도출무영향수준,,,,NNP,*,T,도출무영향수준,*,*,*,*,*
도하 개발의제,,,,NNP,*,T,도하 개발의제,*,*,*,*,*
독성시험,,,,NNP,*,T,독성시험,*,*,*,*,*
독성참고치,,,,NNP,*,T,독성참고치,*,*,*,*,*
돌발적기후변화,,,,NNP,*,T,돌발적기후변화,*,*,*,*,*
돕슨단위,,,,NNP,*,T,돕슨단위,*,*,*,*,*
동아시아기후파트너쉽,,,,NNP,*,T,동아시아기후파트너쉽,*,*,*,*,*
등가소음도,,,,NNP,*,T,등가소음도,*,*,*,*,*
디스포저,,,,NNP,*,F,디스포저,*,*,*,*,*
디클로로메탄,,,,NNP,*,T,디클로로메탄,*,*,*,*,*
딥에콜로지,,,,NNP,*,T,딥에콜로지,*,*,*,*,*
라니냐,,,,NNP,*,F,라니냐,*,*,*,*,*
라돈,,,,NNP,*,T,라돈,*,*,*,*,*
라듐,,,,NNP,*,T,라듐,*,*,*,*,*
라인강오염사고,,,,NNP,*,T,라인강오염사고,*,*,*,*,*
람사르습지,,,,NNP,*,T,람사르습지,*,*,*,*,*
람사르협약,,,,NNP,*,T,람사르협약,*,*,*,*,*
랑게리아지수,,,,NNP,*,T,랑게리아지수,*,*,*,*,*
러브운하사건,,,,NNP,*,T,러브운하사건,*,*,*,*,*
런던협약,,,,NNP,*,T,런던협약,*,*,*,*,*
런던형 스모그,,,,NNP,*,T,런던형 스모그,*,*,*,*,*
로드킬,,,,NNP,*,T,로드킬,*,*,*,*,*
로마클럽,,,,NNP,*,T,로마클럽,*,*,*,*,*
로스엔젤레스형 스모그,,,,NNP,*,T,로스엔젤레스형 스모그,*,*,*,*,*
로컬푸드,,,,NNP,*,T,로컬푸드,*,*,*,*,*
로터리 킬른,,,,NNP,*,T,로터리 킬른,*,*,*,*,*
로테르담 협약,,,,NNP,*,T,로테르담 협약,*,*,*,*,*
로하스,,,,NNP,*,F,로하스,*,*,*,*,*
룩셈부르크합의,,,,NNP,*,T,룩셈부르크합의,*,*,*,*,*
리어엔진,,,,NNP,*,T,리어엔진,*,*,*,*,*
리우선언,,,,NNP,*,T,리우선언,*,*,*,*,*
링겔만 매연 농도표,,,,NNP,*,T,링겔만 매연 농도표,*,*,*,*,*
마라케쉬합의문,,,,NNP,*,T,마라케쉬합의문,*,*,*,*,*
마을상수도,,,,NNP,*,T,마을상수도,*,*,*,*,*
마이크로 그리드,,,,NNP,*,T,마이크로 그리드,*,*,*,*,*
마이크로시스틴,,,,NNP,*,T,마이크로시스틴,*,*,*,*,*
막분리,,,,NNP,*,T,막분리,*,*,*,*,*
막여과,,,,NNP,*,T,막여과,*,*,*,*,*
망간,,,,NNP,*,T,망간,*,*,*,*,*
망간박테리아,,,,NNP,*,T,망간박테리아,*,*,*,*,*
매립가스,,,,NNP,*,T,매립가스,*,*,*,*,*
매립시설,,,,NNP,*,T,매립시설,*,*,*,*,*
매연,,,,NNP,*,T,매연,*,*,*,*,*
먹는물,,,,NNP,*,T,먹는물,*,*,*,*,*
수질검사,,,,NNP,*,T,수질검사,*,*,*,*,*
수질기준,,,,NNP,*,T,수질기준,*,*,*,*,*
먹는물 수질검사,,,,NNP,*,T,먹는물 수질검사,*,*,*,*,*
먹는물 수질기준,,,,NNP,*,T,먹는물 수질기준,*,*,*,*,*
먹이사슬,,,,NNP,*,T,먹이사슬,*,*,*,*,*
먹이연쇄,,,,NNP,*,T,먹이연쇄,*,*,*,*,*
먼지총량제,,,,NNP,*,T,먼지총량제,*,*,*,*,*
메조코즘,,,,NNP,*,T,메조코즘,*,*,*,*,*
메탄,,,,NNP,*,T,메탄,*,*,*,*,*
메탄올,,,,NNP,*,T,메탄올,*,*,*,*,*
메틸수은,,,,NNP,*,T,메틸수은,*,*,*,*,*
야생생물,,,,NNP,*,T,야생생물,*,*,*,*,*
멸종위기종,,,,NNP,*,T,멸종위기종,*,*,*,*,*
모래여과,,,,NNP,*,F,모래여과,*,*,*,*,*
목재펠릿,,,,NNP,*,T,목재펠릿,*,*,*,*,*
몬트리올 의정서,,,,NNP,*,T,몬트리올 의정서,*,*,*,*,*
몰농도,,,,NNP,*,T,몰농도,*,*,*,*,*
무공해자동차,,,,NNP,*,T,무공해자동차,*,*,*,*,*
무과실책임,,,,NNP,*,T,무과실책임,*,*,*,*,*
무기수은제,,,,NNP,*,F,무기수은제,*,*,*,*,*
무기수은화합물,,,,NNP,*,T,무기수은화합물,*,*,*,*,*
무산소처리,,,,NNP,*,T,무산소처리,*,*,*,*,*
무영향관찰용량,,,,NNP,*,T,무영향관찰용량,*,*,*,*,*
무영향관찰농도,,,,NNP,*,T,무영향관찰농도,*,*,*,*,*
무임승차자,,,,NNP,*,T,무임승차자,*,*,*,*,*
물재이용,,,,NNP,*,T,물재이용,*,*,*,*,*
물고기 독성시험,,,,NNP,*,T,물고기 독성시험,*,*,*,*,*
물관리 일원화,,,,NNP,*,T,물관리 일원화,*,*,*,*,*
물발자국,,,,NNP,*,T,물발자국,*,*,*,*,*
물부족국가,,,,NNP,*,T,물부족국가,*,*,*,*,*
물산업,,,,NNP,*,T,물산업,*,*,*,*,*
물수요관리,,,,NNP,*,T,물수요관리,*,*,*,*,*
물순환선도도시,,,,NNP,*,T,물순환선도도시,*,*,*,*,*
물의 등급,,,,NNP,*,T,물의 등급,*,*,*,*,*
물의 순환,,,,NNP,*,T,물의 순환,*,*,*,*,*
물이용부담금,,,,NNP,*,T,물이용부담금,*,*,*,*,*
물질순환,,,,NNP,*,T,물질순환,*,*,*,*,*
물질안전보건자료,,,,NNP,*,T,물질안전보건자료,*,*,*,*,*
물환경정보시스템,,,,NNP,*,T,물환경정보시스템,*,*,*,*,*
미나마타 협약,,,,NNP,*,T,미나마타 협약,*,*,*,*,*
미량금속,,,,NNP,*,T,미량금속,*,*,*,*,*
미생물,,,,NNP,*,T,미생물,*,*,*,*,*
미생물농약,,,,NNP,*,T,미생물농약,*,*,*,*,*
미생물처리,,,,NNP,*,T,미생물처리,*,*,*,*,*
종합대책,,,,NNP,*,T,종합대책,*,*,*,*,*
특별대책,,,,NNP,*,T,특별대책,*,*,*,*,*
예경보제,,,,NNP,*,T,예경보제,*,*,*,*,*
미세먼지,,,,NNP,*,F,미세먼지,*,*,*,*,*
미세조류,,,,NNP,*,F,미세조류,*,*,*,*,*
미세플라스틱,,,,NNP,*,T,미세플라스틱,*,*,*,*,*
바나나현상,,,,NNP,*,T,바나나현상,*,*,*,*,*
바니시,,,,NNP,*,F,바니시,*,*,*,*,*
바이오 에탄올,,,,NNP,*,T,바이오 에탄올,*,*,*,*,*
바이오 폐기물 고형연료,,,,NNP,*,T,바이오 폐기물 고형연료,*,*,*,*,*
바이오가스,,,,NNP,*,F,바이오가스,*,*,*,*,*
바이오디젤,,,,NNP,*,T,바이오디젤,*,*,*,*,*
바이오리액터,,,,NNP,*,T,바이오리액터,*,*,*,*,*
바이오리파이너리,,,,NNP,*,T,바이오리파이너리,*,*,*,*,*
바이오매스,,,,NNP,*,F,바이오매스,*,*,*,*,*
바이오부탄올,,,,NNP,*,T,바이오부탄올,*,*,*,*,*
바이오브릿지 이니셔티브,,,,NNP,*,T,바이오브릿지 이니셔티브,*,*,*,*,*
바이오산업,,,,NNP,*,T,바이오산업,*,*,*,*,*
바이오에너지,,,,NNP,*,T,바이오에너지,*,*,*,*,*
바이오연료,,,,NNP,*,T,바이오연료,*,*,*,*,*
바이오플라스틱,,,,NNP,*,T,바이오플라스틱,*,*,*,*,*
바젤협약,,,,NNP,*,T,바젤협약,*,*,*,*,*
박테리아,,,,NNP,*,T,박테리아,*,*,*,*,*
반감기,,,,NNP,*,T,반감기,*,*,*,*,*
반수 치사량,,,,NNP,*,T,반수 치사량,*,*,*,*,*
발디즈원칙,,,,NNP,*,T,발디즈원칙,*,*,*,*,*
발리로드맵,,,,NNP,*,T,발리로드맵,*,*,*,*,*
발암물질,,,,NNP,*,T,발암물질,*,*,*,*,*
발암위해도평가,,,,NNP,*,T,발암위해도평가,*,*,*,*,*
발전차액지원제도,,,,NNP,*,T,발전차액지원제도,*,*,*,*,*
발포제,,,,NNP,*,T,발포제,*,*,*,*,*
발포폴리스티렌,,,,NNP,*,T,발포폴리스티렌,*,*,*,*,*
방류수,,,,NNP,*,T,방류수,*,*,*,*,*
방사능,,,,NNP,*,T,방사능,*,*,*,*,*
방사선 피폭,,,,NNP,*,T,방사선 피폭,*,*,*,*,*
방사성 희귀 가스,,,,NNP,*,T,방사성 희귀 가스,*,*,*,*,*
방사성동위원소,,,,NNP,*,T,방사성동위원소,*,*,*,*,*
방사성폐기물,,,,NNP,*,T,방사성폐기물,*,*,*,*,*
방음재,,,,NNP,*,T,방음재,*,*,*,*,*
방진재,,,,NNP,*,T,방진재,*,*,*,*,*
방향족 화합물,,,,NNP,*,T,방향족 화합물,*,*,*,*,*
배경농도,,,,NNP,*,T,배경농도,*,*,*,*,*
배기가스,,,,NNP,*,F,배기가스,*,*,*,*,*
배기가스재순환장치,,,,NNP,*,T,배기가스재순환장치,*,*,*,*,*
배수갑문,,,,NNP,*,T,배수갑문,*,*,*,*,*
배수지,,,,NNP,*,F,배수지,*,*,*,*,*
배연탈질,,,,NNP,*,T,배연탈질,*,*,*,*,*
배연탈황,,,,NNP,*,T,배연탈황,*,*,*,*,*
배열회수보일러,,,,NNP,*,T,배열회수보일러,*,*,*,*,*
배출가스 자기진단장치,,,,NNP,*,T,배출가스 자기진단장치,*,*,*,*,*
배출가스 저감장치,,,,NNP,*,T,배출가스 저감장치,*,*,*,*,*
배출가스저감사업,,,,NNP,*,T,배출가스저감사업,*,*,*,*,*
배출권 거래제,,,,NNP,*,T,배출권 거래제,*,*,*,*,*
배출부과금 제도,,,,NNP,*,T,배출부과금 제도,*,*,*,*,*
배출시설 설치 제한지역,,,,NNP,*,T,배출시설 설치 제한지역,*,*,*,*,*
배출영향분석,,,,NNP,*,T,배출영향분석,*,*,*,*,*
배출원단위,,,,NNP,*,T,배출원단위,*,*,*,*,*
배출허용기준,,,,NNP,*,T,배출허용기준,*,*,*,*,*
시범사업,,,,NNP,*,T,시범사업,*,*,*,*,*
자연생태축,,,,NNP,*,T,자연생태축,*,*,*,*,*
백신,,,,NNP,*,T,백신,*,*,*,*,*
백화현상,,,,NNP,*,T,백화현상,*,*,*,*,*
버드라이프 인터내셔널,,,,NNP,*,T,버드라이프 인터내셔널,*,*,*,*,*
베를린위임사항,,,,NNP,*,T,베를린위임사항,*,*,*,*,*
베크렐,,,,NNP,*,T,베크렐,*,*,*,*,*
벤젠,,,,NNP,*,T,벤젠,*,*,*,*,*
바이오가스화,,,,NNP,*,T,바이오가스화,*,*,*,*,*
보,,,,NNP,*,F,보,*,*,*,*,*
보수위,,,,NNP,*,F,보수위,*,*,*,*,*
복류수,,,,NNP,*,T,복류수,*,*,*,*,*
복합오염,,,,NNP,*,T,복합오염,*,*,*,*,*
복합화력발전,,,,NNP,*,T,복합화력발전,*,*,*,*,*
복합휴게소,,,,NNP,*,T,복합휴게소,*,*,*,*,*
부등침하,,,,NNP,*,T,부등침하,*,*,*,*,*
BAPA,,,,NNP,*,F,BAPA,*,*,*,*,*
부영양화,,,,NNP,*,T,부영양화,*,*,*,*,*
부유물질,,,,NNP,*,T,부유물질,*,*,*,*,*
부유입자상물질,,,,NNP,*,T,부유입자상물질,*,*,*,*,*
부착조류,,,,NNP,*,T,부착조류,*,*,*,*,*
분뇨처리,,,,NNP,*,T,분뇨처리,*,*,*,*,*
SSOs ,,,,NNP,*,T,SSOs ,*,*,*,*,*
분류식 하수도,,,,NNP,*,T,분류식 하수도,*,*,*,*,*
분리막 생물 반응장치,,,,NNP,*,T,분리막 생물 반응장치,*,*,*,*,*
분리배출 표시제도,,,,NNP,*,T,분리배출 표시제도,*,*,*,*,*
분산형에너지 시스템,,,,NNP,*,T,분산형에너지 시스템,*,*,*,*,*
분진폭발,,,,NNP,*,T,분진폭발,*,*,*,*,*
불가시,,,,NNP,*,T,불가시,*,*,*,*,*
불소,,,,NNP,*,T,불소,*,*,*,*,*
불연성 쓰레기,,,,NNP,*,T,불연성 쓰레기,*,*,*,*,*
불쾌지수,,,,NNP,*,T,불쾌지수,*,*,*,*,*
불투수층,,,,NNP,*,T,불투수층,*,*,*,*,*
불화비닐수지,,,,NNP,*,T,불화비닐수지,*,*,*,*,*
불화수소,,,,NNP,*,T,불화수소,*,*,*,*,*
브롬화난연제,,,,NNP,*,T,브롬화난연제,*,*,*,*,*
브룬트란트,,,,NNP,*,T,브룬트란트,*,*,*,*,*
블랙카본,,,,NNP,*,T,블랙카본,*,*,*,*,*
비금속광물,,,,NNP,*,T,비금속광물,*,*,*,*,*
비닐공해,,,,NNP,*,T,비닐공해,*,*,*,*,*
비도로 ,,,,NNP,*,F,비도로 ,*,*,*,*,*
이동 오염원,,,,NNP,*,T,이동 오염원,*,*,*,*,*
비매체접촉형,,,,NNP,*,T,비매체접촉형,*,*,*,*,*
비발암위해도,,,,NNP,*,T,비발암위해도,*,*,*,*,*
비산먼지,,,,NNP,*,T,비산먼지,*,*,*,*,*
비산소괴,,,,NNP,*,T,비산소괴,*,*,*,*,*
비소,,,,NNP,*,F,비소,*,*,*,*,*
비스페놀 A,,,,NNP,*,T,비스페놀 A,*,*,*,*,*
비엔나협약,,,,NNP,*,T,비엔나협약,*,*,*,*,*
비점오염,,,,NNP,*,T,비점오염,*,*,*,*,*
비정부기구,,,,NNP,*,T,비정부기구,*,*,*,*,*
빅데이터,,,,NNP,*,T,빅데이터,*,*,*,*,*
빈영양호,,,,NNP,*,T,빈영양호,*,*,*,*,*
빈용기,,,,NNP,*,T,빈용기,*,*,*,*,*
보증금제도,,,,NNP,*,T,보증금제도,*,*,*,*,*
빙실효과,,,,NNP,*,T,빙실효과,*,*,*,*,*
빛공해,,,,NNP,*,T,빛공해,*,*,*,*,*
빛수확기술,,,,NNP,*,T,빛수확기술,*,*,*,*,*
사고대비물질,,,,NNP,*,T,사고대비물질,*,*,*,*,*
사막화,,,,NNP,*,T,사막화,*,*,*,*,*
사막화방지협약,,,,NNP,*,T,사막화방지협약,*,*,*,*,*
사바나,,,,NNP,*,F,사바나,*,*,*,*,*
대기오염물질,,,,NNP,*,T,대기오염물질,*,*,*,*,*
총량관리제,,,,NNP,*,T,총량관리제,*,*,*,*,*
감량화제도,,,,NNP,*,T,감량화제도,*,*,*,*,*
사업장폐기물,,,,NNP,*,T,사업장폐기물,*,*,*,*,*
사에틸납,,,,NNP,*,T,사에틸납,*,*,*,*,*
사염화탄소,,,,NNP,*,T,사염화탄소,*,*,*,*,*
사전오염예방원칙,,,,NNP,*,T,사전오염예방원칙,*,*,*,*,*
사전환경성,,,,NNP,*,T,사전환경성,*,*,*,*,*
사헬지역,,,,NNP,*,T,사헬지역,*,*,*,*,*
사회생태주의,,,,NNP,*,T,사회생태주의,*,*,*,*,*
사회적 비용,,,,NNP,*,T,사회적 비용,*,*,*,*,*
사후관리이행보증금,,,,NNP,*,T,사후관리이행보증금,*,*,*,*,*
사후환경영향조사,,,,NNP,*,T,사후환경영향조사,*,*,*,*,*
산림원칙성명,,,,NNP,*,T,산림원칙성명,*,*,*,*,*
산림탄소상쇄제도,,,,NNP,*,T,산림탄소상쇄제도,*,*,*,*,*
산성강하물질,,,,NNP,*,T,산성강하물질,*,*,*,*,*
산성비,,,,NNP,*,T,산성비,*,*,*,*,*
산성안개,,,,NNP,*,T,산성안개,*,*,*,*,*
산업폐기물,,,,NNP,*,T,산업폐기물,*,*,*,*,*
산화방지제,,,,NNP,*,T,산화방지제,*,*,*,*,*
산화에틸렌,,,,NNP,*,T,산화에틸렌,*,*,*,*,*
산화지,,,,NNP,*,T,산화지,*,*,*,*,*
살모넬라,,,,NNP,*,T,살모넬라,*,*,*,*,*
살생물질,,,,NNP,*,T,살생물질,*,*,*,*,*
살수여상법,,,,NNP,*,T,살수여상법,*,*,*,*,*
살조제,,,,NNP,*,T,살조제,*,*,*,*,*
삼원 촉매장치,,,,NNP,*,T,삼원 촉매장치,*,*,*,*,*
상쇄배출권,,,,NNP,*,T,상쇄배출권,*,*,*,*,*
상쇄제도,,,,NNP,*,T,상쇄제도,*,*,*,*,*
상수도,,,,NNP,*,F,상수도,*,*,*,*,*
상수원,,,,NNP,*,T,상수원,*,*,*,*,*
상수원보호구역,,,,NNP,*,T,상수원보호구역,*,*,*,*,*
새만금 간척사업,,,,NNP,*,T,새만금 간척사업,*,*,*,*,*
새집증후군,,,,NNP,*,T,새집증후군,*,*,*,*,*
새천년개발목표,,,,NNP,*,T,새천년개발목표,*,*,*,*,*
새천년생태계평가,,,,NNP,*,T,새천년생태계평가,*,*,*,*,*
색도,,,,NNP,*,T,색도,*,*,*,*,*
생명공학,,,,NNP,*,T,생명공학,*,*,*,*,*
생물군계,,,,NNP,*,T,생물군계,*,*,*,*,*
생물권,,,,NNP,*,T,생물권,*,*,*,*,*
생물농약,,,,NNP,*,T,생물농약,*,*,*,*,*
생물농축,,,,NNP,*,T,생물농축,*,*,*,*,*
생물농축계수,,,,NNP,*,T,생물농축계수,*,*,*,*,*
생물다양성,,,,NNP,*,T,생물다양성,*,*,*,*,*
생물다양성 정보공유체계,,,,NNP,*,T,생물다양성 정보공유체계,*,*,*,*,*
생물다양성 중점지역,,,,NNP,*,T,생물다양성 중점지역,*,*,*,*,*
생물다양성과학기구,,,,NNP,*,T,생물다양성과학기구,*,*,*,*,*
생물다양성관리계약,,,,NNP,*,T,생물다양성관리계약,*,*,*,*,*
생물다양성의 날,,,,NNP,*,T,생물다양성의 날,*,*,*,*,*
생물다양성협약,,,,NNP,*,T,생물다양성협약,*,*,*,*,*
생물막처리,,,,NNP,*,T,생물막처리,*,*,*,*,*
생물산업,,,,NNP,*,T,생물산업,*,*,*,*,*
생물소재,,,,NNP,*,T,생물소재,*,*,*,*,*
생물자원,,,,NNP,*,T,생물자원,*,*,*,*,*
생물재해,,,,NNP,*,T,생물재해,*,*,*,*,*
생물학적 방제,,,,NNP,*,T,생물학적 방제,*,*,*,*,*
생물학적 수질평가기법,,,,NNP,*,T,생물학적 수질평가기법,*,*,*,*,*
생물학적 지표,,,,NNP,*,T,생물학적 지표,*,*,*,*,*
생물학적 처리,,,,NNP,*,T,생물학적 처리,*,*,*,*,*
생물학적 탈질작용,,,,NNP,*,T,생물학적 탈질작용,*,*,*,*,*
생물활성탄법,,,,NNP,*,T,생물활성탄법,*,*,*,*,*
생분해도,,,,NNP,*,T,생분해도,*,*,*,*,*
생분해성 수지,,,,NNP,*,T,생분해성 수지,*,*,*,*,*
생산자책임재활용제도,,,,NNP,*,T,생산자책임재활용제도,*,*,*,*,*
생태 경관보전지역,,,,NNP,*,T,생태 경관보전지역,*,*,*,*,*
생태자연도,,,,NNP,*,T,생태자연도,*,*,*,*,*
생태경제학,,,,NNP,*,T,생태경제학,*,*,*,*,*
생태계,,,,NNP,*,T,생태계,*,*,*,*,*
생태계교란생물,,,,NNP,*,T,생태계교란생물,*,*,*,*,*
생태계보전협력금,,,,NNP,*,T,생태계보전협력금,*,*,*,*,*
생태계서비스,,,,NNP,*,T,생태계서비스,*,*,*,*,*
TEEB,,,,NNP,*,F,TEEB,*,*,*,*,*
생태관광,,,,NNP,*,T,생태관광,*,*,*,*,*
생태독성 관리제도,,,,NNP,*,T,생태독성 관리제도,*,*,*,*,*
생태마을,,,,NNP,*,T,생태마을,*,*,*,*,*
생태발자국,,,,NNP,*,T,생태발자국,*,*,*,*,*
생태복원,,,,NNP,*,T,생태복원,*,*,*,*,*
생태산업단지,,,,NNP,*,T,생태산업단지,*,*,*,*,*
생태연못,,,,NNP,*,T,생태연못,*,*,*,*,*
생태정의,,,,NNP,*,T,생태정의,*,*,*,*,*
생태주의,,,,NNP,*,T,생태주의,*,*,*,*,*
생태축,,,,NNP,*,T,생태축,*,*,*,*,*
생태탐방로,,,,NNP,*,T,생태탐방로,*,*,*,*,*
생태통로,,,,NNP,*,T,생태통로,*,*,*,*,*
생태하천,,,,NNP,*,T,생태하천,*,*,*,*,*
생태학적 재해,,,,NNP,*,T,생태학적 재해,*,*,*,*,*
생태효율,,,,NNP,*,T,생태효율,*,*,*,*,*
생화학농약,,,,NNP,*,T,생화학농약,*,*,*,*,*
생활기후학,,,,NNP,*,T,생활기후학,*,*,*,*,*
생활폐기물,,,,NNP,*,T,생활폐기물,*,*,*,*,*
생활하수,,,,NNP,*,T,생활하수,*,*,*,*,*
생활화학제품,,,,NNP,*,T,생활화학제품,*,*,*,*,*
서식지 외 보전기관,,,,NNP,*,T,서식지 외 보전기관,*,*,*,*,*
서울이니셔티브,,,,NNP,*,T,서울이니셔티브,*,*,*,*,*
석면,,,,NNP,*,T,석면,*,*,*,*,*
석면관리종합정보망,,,,NNP,*,T,석면관리종합정보망,*,*,*,*,*
석면폐증,,,,NNP,*,T,석면폐증,*,*,*,*,*
석면함유가능물질,,,,NNP,*,T,석면함유가능물질,*,*,*,*,*
석유계총탄화수소,,,,NNP,*,T,석유계총탄화수소,*,*,*,*,*
석유콤비나트,,,,NNP,*,T,석유콤비나트,*,*,*,*,*
석유환산톤,,,,NNP,*,T,석유환산톤,*,*,*,*,*
석탄액화,,,,NNP,*,T,석탄액화,*,*,*,*,*
석탄가스화,,,,NNP,*,T,석탄가스화,*,*,*,*,*
석호,,,,NNP,*,T,석호,*,*,*,*,*
석회암지대,,,,NNP,*,T,석회암지대,*,*,*,*,*
선오염원,,,,NNP,*,T,선오염원,*,*,*,*,*
선택적 환원촉매설비,,,,NNP,*,T,선택적 환원촉매설비,*,*,*,*,*
성층현상,,,,NNP,*,T,성층현상,*,*,*,*,*
세계 환경의 날,,,,NNP,*,T,세계 환경의 날,*,*,*,*,*
세계경제포럼,,,,NNP,*,T,세계경제포럼,*,*,*,*,*
세계기상기구,,,,NNP,*,T,세계기상기구,*,*,*,*,*
세계동물보건기구,,,,NNP,*,T,세계동물보건기구,*,*,*,*,*
세계물포럼,,,,NNP,*,T,세계물포럼,*,*,*,*,*
세계보건기구,,,,NNP,*,T,세계보건기구,*,*,*,*,*
세계생물다양성정보기구,,,,NNP,*,T,세계생물다양성정보기구,*,*,*,*,*
세계자연보전연맹,,,,NNP,*,T,세계자연보전연맹,*,*,*,*,*
세계자연보호기금,,,,NNP,*,T,세계자연보호기금,*,*,*,*,*
세계자원연구소,,,,NNP,*,T,세계자원연구소,*,*,*,*,*
세계지속가능발전 기업협의회,,,,NNP,*,T,세계지속가능발전 기업협의회,*,*,*,*,*
세계표준센터,,,,NNP,*,T,세계표준센터,*,*,*,*,*
세계환경보전전략,,,,NNP,*,T,세계환경보전전략,*,*,*,*,*
세슘,,,,NNP,*,T,세슘,*,*,*,*,*
셀레늄,,,,NNP,*,T,셀레늄,*,*,*,*,*
셰일가스,,,,NNP,*,T,셰일가스,*,*,*,*,*
소각로,,,,NNP,*,T,소각로,*,*,*,*,*
소각시설,,,,NNP,*,T,소각시설,*,*,*,*,*
소규모급수시설,,,,NNP,*,T,소규모급수시설,*,*,*,*,*
소규모환경영향평가,,,,NNP,*,T,소규모환경영향평가,*,*,*,*,*
소독능,,,,NNP,*,T,소독능,*,*,*,*,*
소독부산물,,,,NNP,*,T,소독부산물,*,*,*,*,*
소생태계,,,,NNP,*,T,소생태계,*,*,*,*,*
소음공해,,,,NNP,*,T,소음공해,*,*,*,*,*
소음성 난청,,,,NNP,*,T,소음성 난청,*,*,*,*,*
소포제,,,,NNP,*,F,소포제,*,*,*,*,*
소화조,,,,NNP,*,F,소화조,*,*,*,*,*
소화처리,,,,NNP,*,F,소화처리,*,*,*,*,*
수계관리기금,,,,NNP,*,T,수계관리기금,*,*,*,*,*
수권,,,,NNP,*,T,수권,*,*,*,*,*
대기환경관리,,,,NNP,*,T,대기환경관리,*,*,*,*,*
기본계획,,,,NNP,*,T,기본계획,*,*,*,*,*
수도권매립지,,,,NNP,*,T,수도권매립지,*,*,*,*,*
수도정비기본계획,,,,NNP,*,T,수도정비기본계획,*,*,*,*,*
수돗물,,,,NNP,*,T,수돗물,*,*,*,*,*
수돗물안심확인제,,,,NNP,*,T,수돗물안심확인제,*,*,*,*,*
수력발전,,,,NNP,*,T,수력발전,*,*,*,*,*
수변구역,,,,NNP,*,T,수변구역,*,*,*,*,*
수산화나트륨,,,,NNP,*,T,수산화나트륨,*,*,*,*,*
수산화칼륨,,,,NNP,*,T,수산화칼륨,*,*,*,*,*
수생균류,,,,NNP,*,T,수생균류,*,*,*,*,*
수생생물,,,,NNP,*,T,수생생물,*,*,*,*,*
수생태계,,,,NNP,*,T,수생태계,*,*,*,*,*
수생태계 건강성,,,,NNP,*,T,수생태계 건강성,*,*,*,*,*
수소 연료전지,,,,NNP,*,T,수소 연료전지,*,*,*,*,*
수소불화탄소,,,,NNP,*,T,수소불화탄소,*,*,*,*,*
수소에너지,,,,NNP,*,T,수소에너지,*,*,*,*,*
수소염화불화탄소,,,,NNP,*,T,수소염화불화탄소,*,*,*,*,*
수은,,,,NNP,*,T,수은,*,*,*,*,*
수은중독,,,,NNP,*,T,수은중독,*,*,*,*,*
수익자부담원칙,,,,NNP,*,T,수익자부담원칙,*,*,*,*,*
수인성 전염병,,,,NNP,*,T,수인성 전염병,*,*,*,*,*
수자원,,,,NNP,*,T,수자원,*,*,*,*,*
수질개선부담금,,,,NNP,*,T,수질개선부담금,*,*,*,*,*
수질기준,,,,NNP,*,T,수질기준,*,*,*,*,*
수질예보제,,,,NNP,*,T,수질예보제,*,*,*,*,*
수질오염 방제센터,,,,NNP,*,T,수질오염 방제센터,*,*,*,*,*
수질오염 지표,,,,NNP,*,T,수질오염 지표,*,*,*,*,*
수질오염 총량관리제,,,,NNP,*,T,수질오염 총량관리제,*,*,*,*,*
수질오염물질,,,,NNP,*,T,수질오염물질,*,*,*,*,*
대응예측시스템,,,,NNP,*,T,대응예측시스템,*,*,*,*,*
수질오염사고,,,,NNP,*,T,수질오염사고,*,*,*,*,*
수질환경기준,,,,NNP,*,T,수질환경기준,*,*,*,*,*
수처리제,,,,NNP,*,F,수처리제,*,*,*,*,*
수퍼잡초,,,,NNP,*,T,수퍼잡초,*,*,*,*,*
수퍼잡초,,,,NNP,*,T,수퍼잡초,*,*,*,*,*
순환경제,,,,NNP,*,T,순환경제,*,*,*,*,*
순환골재,,,,NNP,*,T,순환골재,*,*,*,*,*
품질인증제도,,,,NNP,*,T,품질인증제도,*,*,*,*,*
순환이용,,,,NNP,*,T,순환이용,*,*,*,*,*
순환이용성 평가,,,,NNP,*,T,순환이용성 평가,*,*,*,*,*
순환자원,,,,NNP,*,T,순환자원,*,*,*,*,*
순환자원 인정제,,,,NNP,*,T,순환자원 인정제,*,*,*,*,*
순환자원정보센터,,,,NNP,*,T,순환자원정보센터,*,*,*,*,*
스마트 그리드,,,,NNP,*,F,스마트 그리드,*,*,*,*,*
스마트 물산업,,,,NNP,*,T,스마트 물산업,*,*,*,*,*
스마트 미터,,,,NNP,*,F,스마트 미터,*,*,*,*,*
스마트워터그리드,,,,NNP,*,T,스마트워터그리드,*,*,*,*,*
스모그챔버,,,,NNP,*,T,스모그챔버,*,*,*,*,*
스컴,,,,NNP,*,T,스컴,*,*,*,*,*
스코핑,,,,NNP,*,T,스코핑,*,*,*,*,*
스턴 보고서,,,,NNP,*,T,스턴 보고서,*,*,*,*,*
스톡홀롬 협약,,,,NNP,*,T,스톡홀롬 협약,*,*,*,*,*
스트론튬,,,,NNP,*,T,스트론튬,*,*,*,*,*
슬래그,,,,NNP,*,T,슬래그,*,*,*,*,*
슬러지케이크,,,,NNP,*,T,슬러지케이크,*,*,*,*,*
슬레이트,,,,NNP,*,T,슬레이트,*,*,*,*,*
슬로시티 운동,,,,NNP,*,T,슬로시티 운동,*,*,*,*,*
슬로푸드 운동,,,,NNP,*,T,슬로푸드 운동,*,*,*,*,*
습생식물,,,,NNP,*,T,습생식물,*,*,*,*,*
습식공기산화,,,,NNP,*,T,습식공기산화,*,*,*,*,*
습지,,,,NNP,*,T,습지,*,*,*,*,*
습지보호지역,,,,NNP,*,T,습지보호지역,*,*,*,*,*
습지축,,,,NNP,*,T,습지축,*,*,*,*,*
시안화합물,,,,NNP,*,T,시안화합물,*,*,*,*,*
시에라클럽,,,,NNP,*,T,시에라클럽,*,*,*,*,*
식물구계학적 특정식물,,,,NNP,*,T,식물구계학적 특정식물,*,*,*,*,*
식생,,,,NNP,*,T,식생,*,*,*,*,*
식생도,,,,NNP,*,T,식생도,*,*,*,*,*
식생수로,,,,NNP,*,T,식생수로,*,*,*,*,*
식생여과대,,,,NNP,*,T,식생여과대,*,*,*,*,*
식품공해,,,,NNP,*,T,식품공해,*,*,*,*,*
신재생 에너지,,,,NNP,*,T,신재생 에너지,*,*,*,*,*
RPS,,,,NNP,*,F,RPS,*,*,*,*,*
RFS ,,,,NNP,*,F,RFS ,*,*,*,*,*
신종,,,,NNP,*,T,신종,*,*,*,*,*
실내공기질,,,,NNP,*,T,실내공기질,*,*,*,*,*
RDE,,,,NNP,*,F,RDE,*,*,*,*,*
수질정보시스템,,,,NNP,*,T,수질정보시스템,*,*,*,*,*
쓰레기 분리수거,,,,NNP,*,T,쓰레기 분리수거,*,*,*,*,*
쓰레기 소각,,,,NNP,*,T,쓰레기 소각,*,*,*,*,*
쓰레기 종량제,,,,NNP,*,T,쓰레기 종량제,*,*,*,*,*
쓰레기학,,,,NNP,*,T,쓰레기학,*,*,*,*,*
아산화질소,,,,NNP,*,T,아산화질소,*,*,*,*,*
아이치목표,,,,NNP,*,T,아이치목표,*,*,*,*,*
아질산나트륨,,,,NNP,*,T,아질산나트륨,*,*,*,*,*
아질산염질소,,,,NNP,*,T,아질산염질소,*,*,*,*,*
아토피,,,,NNP,*,F,아토피,*,*,*,*,*
아황산가스,,,,NNP,*,T,아황산가스,*,*,*,*,*
악성중피종,,,,NNP,*,T,악성중피종,*,*,*,*,*
악취물질,,,,NNP,*,T,악취물질,*,*,*,*,*
안티녹제,,,,NNP,*,T,안티녹제,*,*,*,*,*
알데히드,,,,NNP,*,T,알데히드,*,*,*,*,*
알레르기,,,,NNP,*,T,알레르기,*,*,*,*,*
알루미늄,,,,NNP,*,T,알루미늄,*,*,*,*,*
알베도,,,,NNP,*,T,알베도,*,*,*,*,*
알킬수은,,,,NNP,*,T,알킬수은,*,*,*,*,*
암모니아,,,,NNP,*,T,암모니아,*,*,*,*,*
암모니아성질소,,,,NNP,*,T,암모니아성질소,*,*,*,*,*
압축천연가스,,,,NNP,*,T,압축천연가스,*,*,*,*,*
액상폐기물,,,,NNP,*,T,액상폐기물,*,*,*,*,*
액생화현상,,,,NNP,*,T,액생화현상,*,*,*,*,*
액화석유가스,,,,NNP,*,T,액화석유가스,*,*,*,*,*
액화천연가스,,,,NNP,*,T,액화천연가스,*,*,*,*,*
야생동물구조센터,,,,NNP,*,T,야생동물구조센터,*,*,*,*,*
야생동물유전자원은행,,,,NNP,*,T,야생동물유전자원은행,*,*,*,*,*
야생생물보호구역,,,,NNP,*,T,야생생물보호구역,*,*,*,*,*
어린이용품,,,,NNP,*,T,어린이용품,*,*,*,*,*
환경유해인자,,,,NNP,*,T,환경유해인자,*,*,*,*,*
어린이활동공간,,,,NNP,*,T,어린이활동공간,*,*,*,*,*
환경안심인증제도,,,,NNP,*,T,환경안심인증제도,*,*,*,*,*
어스 아워,,,,NNP,*,T,어스 아워,*,*,*,*,*
업사이클링,,,,NNP,*,T,업사이클링,*,*,*,*,*
에너지 원단위,,,,NNP,*,T,에너지 원단위,*,*,*,*,*
에너지 자립도,,,,NNP,*,T,에너지 자립도,*,*,*,*,*
에너지 자립섬,,,,NNP,*,T,에너지 자립섬,*,*,*,*,*
에너지 하베스팅,,,,NNP,*,T,에너지 하베스팅,*,*,*,*,*
에너지 효율등급표시제,,,,NNP,*,T,에너지 효율등급표시제,*,*,*,*,*
에너지믹스,,,,NNP,*,T,에너지믹스,*,*,*,*,*
에너지바우처,,,,NNP,*,T,에너지바우처,*,*,*,*,*
에너지성능지표,,,,NNP,*,T,에너지성능지표,*,*,*,*,*
에너지신산업,,,,NNP,*,T,에너지신산업,*,*,*,*,*
에너지의 날,,,,NNP,*,T,에너지의 날,*,*,*,*,*
에너지저장장치,,,,NNP,*,T,에너지저장장치,*,*,*,*,*
에스원 댐,,,,NNP,*,T,에스원 댐,*,*,*,*,*
에어로졸,,,,NNP,*,T,에어로졸,*,*,*,*,*
에어로졸 분사제,,,,NNP,*,T,에어로졸 분사제,*,*,*,*,*
에코디자인,,,,NNP,*,T,에코디자인,*,*,*,*,*
에코맘,,,,NNP,*,T,에코맘,*,*,*,*,*
에코산업혁명,,,,NNP,*,T,에코산업혁명,*,*,*,*,*
에코폴리스,,,,NNP,*,T,에코폴리스,*,*,*,*,*
에코프렌즈,,,,NNP,*,T,에코프렌즈,*,*,*,*,*
에코플레이션,,,,NNP,*,T,에코플레이션,*,*,*,*,*
에탄올,,,,NNP,*,T,에탄올,*,*,*,*,*
엔트로피,,,,NNP,*,T,엔트로피,*,*,*,*,*
엘니뇨,,,,NNP,*,T,엘니뇨,*,*,*,*,*
역삼투,,,,NNP,*,T,역삼투,*,*,*,*,*
역학조사,,,,NNP,*,T,역학조사,*,*,*,*,*
연료전지,,,,NNP,*,T,연료전지,*,*,*,*,*
연료전지차,,,,NNP,*,T,연료전지차,*,*,*,*,*
연속회분식,,,,NNP,*,T,연속회분식,*,*,*,*,*
활성슬러지공법,,,,NNP,*,T,활성슬러지공법,*,*,*,*,*
연속회분식 활성슬러지공법,,,,NNP,*,T,연속회분식 활성슬러지공법,*,*,*,*,*
연수,,,,NNP,*,T,연수,*,*,*,*,*
연안습지,,,,NNP,*,T,연안습지,*,*,*,*,*
연안오염 총량관리제도,,,,NNP,*,T,연안오염 총량관리제도,*,*,*,*,*
열가수분해 가용화시설,,,,NNP,*,T,열가수분해 가용화시설,*,*,*,*,*
열권,,,,NNP,*,T,열권,*,*,*,*,*
열대림행동계획,,,,NNP,*,T,열대림행동계획,*,*,*,*,*
열대야,,,,NNP,*,T,열대야,*,*,*,*,*
열병합발전,,,,NNP,*,T,열병합발전,*,*,*,*,*
열역학 제1법칙,,,,NNP,*,T,열역학 제1법칙,*,*,*,*,*
열염분순환,,,,NNP,*,T,열염분순환,*,*,*,*,*
열오염,,,,NNP,*,T,열오염,*,*,*,*,*
열지수,,,,NNP,*,T,열지수,*,*,*,*,*
열파,,,,NNP,*,T,열파,*,*,*,*,*
염산,,,,NNP,*,T,염산,*,*,*,*,*
염소계표백제,,,,NNP,*,T,염소계표백제,*,*,*,*,*
염소소독,,,,NNP,*,T,염소소독,*,*,*,*,*
염화불화탄소,,,,NNP,*,T,염화불화탄소,*,*,*,*,*
염화비닐,,,,NNP,*,T,염화비닐,*,*,*,*,*
염화수소,,,,NNP,*,T,염화수소,*,*,*,*,*
염화알루미늄,,,,NNP,*,T,염화알루미늄,*,*,*,*,*
영농폐기물,,,,NNP,*,T,영농폐기물,*,*,*,*,*
영농폐기물 수거보상금제도,,,,NNP,*,T,영농폐기물 수거보상금제도,*,*,*,*,*
영양염류,,,,NNP,*,T,영양염류,*,*,*,*,*
예측 무영향 농도,,,,NNP,*,T,예측 무영향 농도,*,*,*,*,*
예측환경농도,,,,NNP,*,T,예측환경농도,*,*,*,*,*
슬러지,,,,NNP,*,T,슬러지,*,*,*,*,*
오수,,,,NNP,*,F,오수,*,*,*,*,*
오수받이,,,,NNP,*,T,오수받이,*,*,*,*,*
오염부하량,,,,NNP,*,T,오염부하량,*,*,*,*,*
오염자부담원칙,,,,NNP,*,T,오염자부담원칙,*,*,*,*,*
오일샌드,,,,NNP,*,T,오일샌드,*,*,*,*,*
오일펜스,,,,NNP,*,T,오일펜스,*,*,*,*,*
오존 경보제,,,,NNP,*,T,오존 경보제,*,*,*,*,*
오존,,,,NNP,*,T,오존,*,*,*,*,*
오존층,,,,NNP,*,T,오존층,*,*,*,*,*
오존층 파괴,,,,NNP,*,T,오존층 파괴,*,*,*,*,*
오존층파괴물질,,,,NNP,*,T,오존층파괴물질,*,*,*,*,*
오존파괴지수,,,,NNP,*,T,오존파괴지수,*,*,*,*,*
오존홀,,,,NNP,*,T,오존홀,*,*,*,*,*
오타와서미트,,,,NNP,*,T,오타와서미트,*,*,*,*,*
옥상녹화,,,,NNP,*,T,옥상녹화,*,*,*,*,*
옥탄가,,,,NNP,*,T,옥탄가,*,*,*,*,*
온맵시,,,,NNP,*,T,온맵시,*,*,*,*,*
온산병,,,,NNP,*,T,온산병,*,*,*,*,*
온실가스,,,,NNP,*,T,온실가스,*,*,*,*,*
감축목표,,,,NNP,*,T,감축목표,*,*,*,*,*
기준배출량,,,,NNP,*,T,기준배출량,*,*,*,*,*
기준년도,,,,NNP,*,T,기준년도,*,*,*,*,*
QELROs,,,,NNP,*,T,QELROs,*,*,*,*,*
감축의무,,,,NNP,*,T,감축의무,*,*,*,*,*
이행기간,,,,NNP,*,T,이행기간,*,*,*,*,*
CERs,,,,NNP,*,T,CERs,*,*,*,*,*
온실가스,,,,NNP,*,T,온실가스,*,*,*,*,*
목표관리제,,,,NNP,*,T,목표관리제,*,*,*,*,*
온실가스배출량,,,,NNP,*,T,온실가스배출량,*,*,*,*,*
온실효과,,,,NNP,*,T,온실효과,*,*,*,*,*
완속여과,,,,NNP,*,T,완속여과,*,*,*,*,*
외래생물,,,,NNP,*,T,외래생물,*,*,*,*,*
외부표준법,,,,NNP,*,T,외부표준법,*,*,*,*,*
외부효과,,,,NNP,*,T,외부효과,*,*,*,*,*
외삽,,,,NNP,*,T,외삽,*,*,*,*,*
외코폴리스,,,,NNP,*,T,외코폴리스,*,*,*,*,*
요하네스버그 이행계획,,,,NNP,*,T,요하네스버그 이행계획,*,*,*,*,*
용존성 유기탄소,,,,NNP,*,T,용존성 유기탄소,*,*,*,*,*
우라늄,,,,NNP,*,T,우라늄,*,*,*,*,*
우레탄 폼,,,,NNP,*,T,우레탄 폼,*,*,*,*,*
우리가 원하는 미래,,,,NNP,*,T,우리가 원하는 미래,*,*,*,*,*
우산효과,,,,NNP,*,T,우산효과,*,*,*,*,*
우수받이,,,,NNP,*,T,우수받이,*,*,*,*,*
우수실험실운영기준,,,,NNP,*,T,우수실험실운영기준,*,*,*,*,*
우수재활용인증제도,,,,NNP,*,T,우수재활용인증제도,*,*,*,*,*
우수토실,,,,NNP,*,T,우수토실,*,*,*,*,*
우점종,,,,NNP,*,T,우점종,*,*,*,*,*
우주선 지구호,,,,NNP,*,T,우주선 지구호,*,*,*,*,*
우포늪,,,,NNP,*,T,우포늪,*,*,*,*,*
원 헬스,,,,NNP,*,T,원 헬스,*,*,*,*,*
원자력발전,,,,NNP,*,T,원자력발전,*,*,*,*,*
월경 산성비,,,,NNP,*,T,월경 산성비,*,*,*,*,*
환경문제,,,,NNP,*,T,환경문제,*,*,*,*,*
월경성,,,,NNP,*,T,월경성,*,*,*,*,*
환경영향평가,,,,NNP,*,T,환경영향평가,*,*,*,*,*
월드워치연구소,,,,NNP,*,T,월드워치연구소,*,*,*,*,*
위생매립,,,,NNP,*,T,위생매립,*,*,*,*,*
위생안전기준인증제도,,,,NNP,*,T,위생안전기준인증제도,*,*,*,*,*
위해관리계획,,,,NNP,*,T,위해관리계획,*,*,*,*,*
위해관리계획제도,,,,NNP,*,T,위해관리계획제도,*,*,*,*,*
위해성 평가,,,,NNP,*,T,위해성 평가,*,*,*,*,*
위해우려제품,,,,NNP,*,T,위해우려제품,*,*,*,*,*
위해우려종,,,,NNP,*,T,위해우려종,*,*,*,*,*
유기겔,,,,NNP,*,T,유기겔,*,*,*,*,*
유기농,,,,NNP,*,T,유기농,*,*,*,*,*
유기성 폐기물,,,,NNP,*,T,유기성 폐기물,*,*,*,*,*
유기염소 화합물,,,,NNP,*,T,유기염소 화합물,*,*,*,*,*
유기용제,,,,NNP,*,T,유기용제,*,*,*,*,*
유기인,,,,NNP,*,T,유기인,*,*,*,*,*
유기할로겐 화합물,,,,NNP,*,T,유기할로겐 화합물,*,*,*,*,*
유기화합물,,,,NNP,*,T,유기화합물,*,*,*,*,*
유네스코 생물권보전지역,,,,NNP,*,T,유네스코 생물권보전지역,*,*,*,*,*
유독물질,,,,NNP,*,T,유독물질,*,*,*,*,*
유동층소각로,,,,NNP,*,T,유동층소각로,*,*,*,*,*
배출권,,,,NNP,*,T,배출권,*,*,*,*,*
거래제,,,,NNP,*,F,거래제,*,*,*,*,*
유럽연합,,,,NNP,*,T,유럽연합,*,*,*,*,*
EU-ETS,,,,NNP,*,F,EU-ETS,*,*,*,*,*
유리잔류염소,,,,NNP,*,T,유리잔류염소,*,*,*,*,*
유비쿼터스 에코시티,,,,NNP,*,T,유비쿼터스 에코시티,*,*,*,*,*
유엔고위급정치포럼,,,,NNP,*,T,유엔고위급정치포럼,*,*,*,*,*
유엔인간환경회의,,,,NNP,*,T,유엔인간환경회의,*,*,*,*,*
유엔지속가능발전회의,,,,NNP,*,T,유엔지속가능발전회의,*,*,*,*,*
유엔환경개발회의,,,,NNP,*,T,유엔환경개발회의,*,*,*,*,*
유엔환경계획,,,,NNP,*,T,유엔환경계획,*,*,*,*,*
유역,,,,NNP,*,T,유역,*,*,*,*,*
유역관리,,,,NNP,*,T,유역관리,*,*,*,*,*
유역하수도,,,,NNP,*,T,유역하수도,*,*,*,*,*
유입부하량,,,,NNP,*,T,유입부하량,*,*,*,*,*
유전물질,,,,NNP,*,T,유전물질,*,*,*,*,*
유전자변형 생물체,,,,NNP,*,T,유전자변형 생물체,*,*,*,*,*
유전자원,,,,NNP,*,T,유전자원,*,*,*,*,*
유전자은행,,,,NNP,*,T,유전자은행,*,*,*,*,*
유전자조작 표시제,,,,NNP,*,T,유전자조작 표시제,*,*,*,*,*
유전자형,,,,NNP,*,T,유전자형,*,*,*,*,*
유전적 다양성,,,,NNP,*,T,유전적 다양성,*,*,*,*,*
유증기,,,,NNP,*,T,유증기,*,*,*,*,*
유해대기오염물질,,,,NNP,*,T,유해대기오염물질,*,*,*,*,*
유해성,,,,NNP,*,T,유해성,*,*,*,*,*
유해성 대기감시물질,,,,NNP,*,T,유해성 대기감시물질,*,*,*,*,*
유해지수,,,,NNP,*,F,유해지수,*,*,*,*,*
유해폐기물,,,,NNP,*,T,유해폐기물,*,*,*,*,*
유해화학물질,,,,NNP,*,T,유해화학물질,*,*,*,*,*
유화제,,,,NNP,*,T,유화제,*,*,*,*,*
유효적산온도,,,,NNP,*,T,유효적산온도,*,*,*,*,*
육불화황,,,,NNP,*,T,육불화황,*,*,*,*,*
은나노,,,,NNP,*,T,은나노,*,*,*,*,*
음식물류 폐기물 종량제,,,,NNP,*,T,음식물류 폐기물 종량제,*,*,*,*,*
음식물쓰레기,,,,NNP,*,T,음식물쓰레기,*,*,*,*,*
음이온 계면활성제,,,,NNP,*,T,음이온 계면활성제,*,*,*,*,*
음폐수,,,,NNP,*,T,음폐수,*,*,*,*,*
음향재료,,,,NNP,*,T,음향재료,*,*,*,*,*
응집제,,,,NNP,*,T,응집제,*,*,*,*,*
의료폐기물,,,,NNP,*,T,의료폐기물,*,*,*,*,*
의제21,,,,NNP,*,T,의제21,*,*,*,*,*
국가실천계획,,,,NNP,*,T,국가실천계획,*,*,*,*,*
의태,,,,NNP,*,T,의태,*,*,*,*,*
PEMS,,,,NNP,*,T,PEMS,*,*,*,*,*
이동형 충전기,,,,NNP,*,T,이동형 충전기,*,*,*,*,*
이산화질소,,,,NNP,*,T,이산화질소,*,*,*,*,*
CCS,,,,NNP,*,F,CCS,*,*,*,*,*
CCU ,,,,NNP,*,F,CCU ,*,*,*,*,*
이산화탄소 환산,,,,NNP,*,T,이산화탄소 환산,*,*,*,*,*
이산화탄소,,,,NNP,*,T,이산화탄소,*,*,*,*,*
이산화황,,,,NNP,*,T,이산화황,*,*,*,*,*
이온교환 수처리,,,,NNP,*,T,이온교환 수처리,*,*,*,*,*
이차독성,,,,NNP,*,T,이차독성,*,*,*,*,*
이차오염,,,,NNP,*,F,이차오염,*,*,*,*,*
이취미 물질,,,,NNP,*,T,이취미 물질,*,*,*,*,*
이클레이,,,,NNP,*,F,이클레이,*,*,*,*,*
이타이이타이병,,,,NNP,*,T,이타이이타이병,*,*,*,*,*
인간과 생물권계획,,,,NNP,*,T,인간과 생물권계획,*,*,*,*,*
인간환경선언,,,,NNP,*,T,인간환경선언,*,*,*,*,*
인공습지,,,,NNP,*,T,인공습지,*,*,*,*,*
인공지능,,,,NNP,*,T,인공지능,*,*,*,*,*
인공태양,,,,NNP,*,T,인공태양,*,*,*,*,*
일산화질소,,,,NNP,*,T,일산화질소,*,*,*,*,*
일산화탄소,,,,NNP,*,T,일산화탄소,*,*,*,*,*
일차 오염,,,,NNP,*,T,일차 오염,*,*,*,*,*
입자상 오염물,,,,NNP,*,T,입자상 오염물,*,*,*,*,*
RSD,,,,NNP,*,F,RSD,*,*,*,*,*
배출허용기준,,,,NNP,*,T,배출허용기준,*,*,*,*,*
요소수,,,,NNP,*,F,요소수,*,*,*,*,*
탄소포인트제,,,,NNP,*,T,탄소포인트제,*,*,*,*,*
자동차결함,,,,NNP,*,T,자동차결함,*,*,*,*,*
MECAR,,,,NNP,*,F,MECAR,*,*,*,*,*
자동차연료,,,,NNP,*,T,자동차연료,*,*,*,*,*
자동차연료,,,,NNP,*,T,자동차연료,*,*,*,*,*
환경품질등급제,,,,NNP,*,T,환경품질등급제,*,*,*,*,*
자발적 협약제도,,,,NNP,*,T,자발적 협약제도,*,*,*,*,*
자생생물,,,,NNP,*,T,자생생물,*,*,*,*,*
자생식물,,,,NNP,*,T,자생식물,*,*,*,*,*
자연경관,,,,NNP,*,T,자연경관,*,*,*,*,*
자연공원,,,,NNP,*,T,자연공원,*,*,*,*,*
자연발생석면,,,,NNP,*,T,자연발생석면,*,*,*,*,*
자연보전권역,,,,NNP,*,T,자연보전권역,*,*,*,*,*
자연유보지역,,,,NNP,*,T,자연유보지역,*,*,*,*,*
자연환경국민신탁,,,,NNP,*,T,자연환경국민신탁,*,*,*,*,*
자연환경보전지역,,,,NNP,*,T,자연환경보전지역,*,*,*,*,*
자연휴식년제,,,,NNP,*,T,자연휴식년제,*,*,*,*,*
자연휴식지,,,,NNP,*,T,자연휴식지,*,*,*,*,*
자외선지수,,,,NNP,*,T,자외선지수,*,*,*,*,*
자원생산성,,,,NNP,*,T,자원생산성,*,*,*,*,*
자원생산성 목표관리제,,,,NNP,*,T,자원생산성 목표관리제,*,*,*,*,*
자원순환 사회,,,,NNP,*,T,자원순환 사회,*,*,*,*,*
자원순환 시설,,,,NNP,*,T,자원순환 시설,*,*,*,*,*
자원순환기본법,,,,NNP,*,T,자원순환기본법,*,*,*,*,*
자원순환성 평가,,,,NNP,*,T,자원순환성 평가,*,*,*,*,*
자원순환성과관리제,,,,NNP,*,T,자원순환성과관리제,*,*,*,*,*
자원순환의 날,,,,NNP,*,T,자원순환의 날,*,*,*,*,*
자원순환정보시스템,,,,NNP,*,T,자원순환정보시스템,*,*,*,*,*
자원순환종합단지,,,,NNP,*,T,자원순환종합단지,*,*,*,*,*
자원순환형 폐기물 처리,,,,NNP,*,T,자원순환형 폐기물 처리,*,*,*,*,*
자원화시설,,,,NNP,*,T,자원화시설,*,*,*,*,*
자원회수시설,,,,NNP,*,T,자원회수시설,*,*,*,*,*
자율환경관리제도,,,,NNP,*,T,자율환경관리제도,*,*,*,*,*
자정작용,,,,NNP,*,T,자정작용,*,*,*,*,*
잔류농약,,,,NNP,*,T,잔류농약,*,*,*,*,*
잔류성유기오염물질,,,,NNP,*,T,잔류성유기오염물질,*,*,*,*,*
잠재 증발산량,,,,NNP,*,T,잠재 증발산량,*,*,*,*,*
장거리이동 대기오염,,,,NNP,*,T,장거리이동 대기오염,*,*,*,*,*
장외영향평가제도,,,,NNP,*,T,장외영향평가제도,*,*,*,*,*
재사용,,,,NNP,*,T,재사용,*,*,*,*,*
재활용,,,,NNP,*,T,재활용,*,*,*,*,*
공제조합,,,,NNP,*,T,공제조합,*,*,*,*,*
목표관리제,,,,NNP,*,T,목표관리제,*,*,*,*,*
의무 생산자,,,,NNP,*,T,의무 생산자,*,*,*,*,*
환경성평가제도,,,,NNP,*,T,환경성평가제도,*,*,*,*,*
재활용부과금,,,,NNP,*,T,재활용부과금,*,*,*,*,*
재활용의무율,,,,NNP,*,T,재활용의무율,*,*,*,*,*
재활용의무이행 ,,,,NNP,*,T,재활용의무이행 ,*,*,*,*,*
인증제도,,,,NNP,*,T,인증제도,*,*,*,*,*
저공해자동차,,,,NNP,*,T,저공해자동차,*,*,*,*,*
저공해조치명령,,,,NNP,*,T,저공해조치명령,*,*,*,*,*
저녹스버너,,,,NNP,*,T,저녹스버너,*,*,*,*,*
저서생물,,,,NNP,*,T,저서생물,*,*,*,*,*
저서성 대형무척추동물,,,,NNP,*,T,저서성 대형무척추동물,*,*,*,*,*
저수조,,,,NNP,*,F,저수조,*,*,*,*,*
저영향개발,,,,NNP,*,T,저영향개발,*,*,*,*,*
저유황유,,,,NNP,*,T,저유황유,*,*,*,*,*
저주파음 공해,,,,NNP,*,T,저주파음 공해,*,*,*,*,*
저준위방사성폐기물,,,,NNP,*,T,저준위방사성폐기물,*,*,*,*,*
저탄소 녹색성장,,,,NNP,*,T,저탄소 녹색성장,*,*,*,*,*
저탄소차 협력금 제도,,,,NNP,*,T,저탄소차 협력금 제도,*,*,*,*,*
적외선분광법,,,,NNP,*,T,적외선분광법,*,*,*,*,*
적정기술,,,,NNP,*,T,적정기술,*,*,*,*,*
적조현상,,,,NNP,*,T,적조현상,*,*,*,*,*
전국자연환경조사,,,,NNP,*,T,전국자연환경조사,*,*,*,*,*
전자제품,,,,NNP,*,T,전자제품,*,*,*,*,*
전기자동차,,,,NNP,*,T,전기자동차,*,*,*,*,*
종합대책,,,,NNP,*,T,종합대책,*,*,*,*,*
전략환경영향평가,,,,NNP,*,T,전략환경영향평가,*,*,*,*,*
전력수요반응제도,,,,NNP,*,T,전력수요반응제도,*,*,*,*,*
전력피크,,,,NNP,*,T,전력피크,*,*,*,*,*
전과정평가,,,,NNP,*,T,전과정평가,*,*,*,*,*
전알파,,,,NNP,*,T,전알파,*,*,*,*,*
전염소처리,,,,NNP,*,T,전염소처리,*,*,*,*,*
전용상수도,,,,NNP,*,T,전용상수도,*,*,*,*,*
전자파,,,,NNP,*,T,전자파,*,*,*,*,*
전자폐기물,,,,NNP,*,T,전자폐기물,*,*,*,*,*
전처리,,,,NNP,*,T,전처리,*,*,*,*,*
전통지식,,,,NNP,*,T,전통지식,*,*,*,*,*
점오염원,,,,NNP,*,T,점오염원,*,*,*,*,*
점증 기후반응,,,,NNP,*,T,점증 기후반응,*,*,*,*,*
정도관리,,,,NNP,*,T,정도관리,*,*,*,*,*
정수,,,,NNP,*,F,정수,*,*,*,*,*
정지궤도 복합위성,,,,NNP,*,T,정지궤도 복합위성,*,*,*,*,*
정크아트,,,,NNP,*,T,정크아트,*,*,*,*,*
정화조,,,,NNP,*,T,정화조,*,*,*,*,*
제네바 기후협약,,,,NNP,*,T,제네바 기후협약,*,*,*,*,*
제로미터지대,,,,NNP,*,T,제로미터지대,*,*,*,*,*
제로에너지 빌딩,,,,NNP,*,T,제로에너지 빌딩,*,*,*,*,*
제로에너지타운,,,,NNP,*,T,제로에너지타운,*,*,*,*,*
제올라이트,,,,NNP,*,T,제올라이트,*,*,*,*,*
제트기류,,,,NNP,*,F,제트기류,*,*,*,*,*
MADAMS,,,,NNP,*,F,MADAMS,*,*,*,*,*
제품부담금,,,,NNP,*,T,제품부담금,*,*,*,*,*
제한물질,,,,NNP,*,T,제한물질,*,*,*,*,*
조간대,,,,NNP,*,T,조간대,*,*,*,*,*
조력발전,,,,NNP,*,T,조력발전,*,*,*,*,*
조류,,,,NNP,*,F,조류,*,*,*,*,*
조류경보제,,,,NNP,*,T,조류경보제,*,*,*,*,*
조류연구센터,,,,NNP,*,T,조류연구센터,*,*,*,*,*
조류인플루엔자,,,,NNP,*,T,조류인플루엔자,*,*,*,*,*
종민감도분포,,,,NNP,*,T,종민감도분포,*,*,*,*,*
종복원기술원,,,,NNP,*,T,종복원기술원,*,*,*,*,*
종자은행,,,,NNP,*,T,종자은행,*,*,*,*,*
종풍부도 ,,,,NNP,*,T,종풍부도 ,*,*,*,*,*
주석,,,,NNP,*,T,주석,*,*,*,*,*
준설,,,,NNP,*,T,준설,*,*,*,*,*
중금속,,,,NNP,*,T,중금속,*,*,*,*,*
중금속중독증,,,,NNP,*,T,중금속중독증,*,*,*,*,*
중수도,,,,NNP,*,T,중수도,*,*,*,*,*
중앙 환경분쟁 조정위원회,,,,NNP,*,T,중앙 환경분쟁 조정위원회,*,*,*,*,*
중유,,,,NNP,*,T,중유,*,*,*,*,*
중합체,,,,NNP,*,T,중합체,*,*,*,*,*
지구관측그룹,,,,NNP,*,T,지구관측그룹,*,*,*,*,*
지구복사,,,,NNP,*,T,지구복사,*,*,*,*,*
지구생물다양성 전망 보고서,,,,NNP,*,T,지구생물다양성 전망 보고서,*,*,*,*,*
지구생태용량 초과의 날,,,,NNP,*,T,지구생태용량 초과의 날,*,*,*,*,*
지구온난화,,,,NNP,*,T,지구온난화,*,*,*,*,*
지구온난화지수,,,,NNP,*,T,지구온난화지수,*,*,*,*,*
지구의 날,,,,NNP,*,T,지구의 날,*,*,*,*,*
지구의 벗,,,,NNP,*,T,지구의 벗,*,*,*,*,*
지구환경 모니터링 시스템,,,,NNP,*,T,지구환경 모니터링 시스템,*,*,*,*,*
지구환경기금,,,,NNP,*,T,지구환경기금,*,*,*,*,*
지구환경보고서,,,,NNP,*,T,지구환경보고서,*,*,*,*,*
지능형 수요관리,,,,NNP,*,T,지능형 수요관리,*,*,*,*,*
지능형건축물 인증,,,,NNP,*,T,지능형건축물 인증,*,*,*,*,*
지류총량제,,,,NNP,*,T,지류총량제,*,*,*,*,*
LBSAP,,,,NNP,*,F,LBSAP,*,*,*,*,*
지방의제 21,,,,NNP,*,T,지방의제 21,*,*,*,*,*
지방행동 21,,,,NNP,*,T,지방행동 21,*,*,*,*,*
지속가능 경영,,,,NNP,*,T,지속가능 경영,*,*,*,*,*
WBCSD,,,,NNP,*,F,WBCSD,*,*,*,*,*
지속가능공공구매,,,,NNP,*,T,지속가능공공구매,*,*,*,*,*
지속가능발전 세계정상회의,,,,NNP,*,T,지속가능발전 세계정상회의,*,*,*,*,*
지속가능발전 위원회,,,,NNP,*,T,지속가능발전 위원회,*,*,*,*,*
지속가능발전 협의회,,,,NNP,*,T,지속가능발전 협의회,*,*,*,*,*
지속가능발전,,,,NNP,*,T,지속가능발전,*,*,*,*,*
지속가능발전목표,,,,NNP,*,T,지속가능발전목표,*,*,*,*,*
지속가능한? 소비와 생산,,,,NNP,*,T,지속가능한? 소비와 생산,*,*,*,*,*
지역에너지,,,,NNP,*,T,지역에너지,*,*,*,*,*
지열 히트 펌프,,,,NNP,*,T,지열 히트 펌프,*,*,*,*,*
지열발전,,,,NNP,*,T,지열발전,*,*,*,*,*
지열에너지,,,,NNP,*,T,지열에너지,*,*,*,*,*
지정폐기물,,,,NNP,*,T,지정폐기물,*,*,*,*,*
지질유산,,,,NNP,*,T,지질유산,*,*,*,*,*
지표생물,,,,NNP,*,T,지표생물,*,*,*,*,*
지하댐,,,,NNP,*,T,지하댐,*,*,*,*,*
지하수,,,,NNP,*,F,지하수,*,*,*,*,*
직접 메탄올 연료전지,,,,NNP,*,T,직접 메탄올 연료전지,*,*,*,*,*
진동,,,,NNP,*,T,진동,*,*,*,*,*
진폐증,,,,NNP,*,T,진폐증,*,*,*,*,*
질산성질소,,,,NNP,*,T,질산성질소,*,*,*,*,*
질산염,,,,NNP,*,T,질산염,*,*,*,*,*
질소산화물,,,,NNP,*,T,질소산화물,*,*,*,*,*
집진장치,,,,NNP,*,T,집진장치,*,*,*,*,*
차집관거,,,,NNP,*,T,차집관거,*,*,*,*,*
창원선언문,,,,NNP,*,T,창원선언문,*,*,*,*,*
천연가스,,,,NNP,*,T,천연가스,*,*,*,*,*
천연가스자동차,,,,NNP,*,T,천연가스자동차,*,*,*,*,*
천연물,,,,NNP,*,T,천연물,*,*,*,*,*
천이,,,,NNP,*,T,천이,*,*,*,*,*
천적곤충,,,,NNP,*,T,천적곤충,*,*,*,*,*
철새,,,,NNP,*,T,철새,*,*,*,*,*
철새정보시스템,,,,NNP,*,T,철새정보시스템,*,*,*,*,*
청색기술,,,,NNP,*,T,청색기술,*,*,*,*,*
청정개발체제,,,,NNP,*,T,청정개발체제,*,*,*,*,*
청정기술,,,,NNP,*,T,청정기술,*,*,*,*,*
청정수역,,,,NNP,*,T,청정수역,*,*,*,*,*
청조현상,,,,NNP,*,T,청조현상,*,*,*,*,*
청천프로젝트,,,,NNP,*,T,청천프로젝트,*,*,*,*,*
체르노빌 원자력발전 사고,,,,NNP,*,T,체르노빌 원자력발전 사고,*,*,*,*,*
초미세먼지,,,,NNP,*,T,초미세먼지,*,*,*,*,*
초분광영상,,,,NNP,*,T,초분광영상,*,*,*,*,*
초저온동결보존,,,,NNP,*,T,초저온동결보존,*,*,*,*,*
총 휘발성 유기화합물,,,,NNP,*,T,총 휘발성 유기화합물,*,*,*,*,*
총량규제,,,,NNP,*,T,총량규제,*,*,*,*,*
총부유먼지,,,,NNP,*,T,총부유먼지,*,*,*,*,*
총인,,,,NNP,*,T,총인,*,*,*,*,*
총질소,,,,NNP,*,T,총질소,*,*,*,*,*
최소 에너지효율기준,,,,NNP,*,T,최소 에너지효율기준,*,*,*,*,*
최적가용기법 기준서,,,,NNP,*,T,최적가용기법 기준서,*,*,*,*,*
최적가용기법,,,,NNP,*,T,최적가용기법,*,*,*,*,*
방지시설,,,,NNP,*,T,방지시설,*,*,*,*,*
최적비가용기술,,,,NNP,*,T,최적비가용기술,*,*,*,*,*
최종복토,,,,NNP,*,T,최종복토,*,*,*,*,*
추가성,,,,NNP,*,T,추가성,*,*,*,*,*
축산폐수,,,,NNP,*,T,축산폐수,*,*,*,*,*
층간소음,,,,NNP,*,T,층간소음,*,*,*,*,*
이웃사이센터,,,,NNP,*,T,이웃사이센터,*,*,*,*,*
친환경 설계,,,,NNP,*,T,친환경 설계,*,*,*,*,*
친환경 소비,,,,NNP,*,T,친환경 소비,*,*,*,*,*
친환경 에너지타운? ,,,,NNP,*,T,친환경 에너지타운? ,*,*,*,*,*
친환경운전,,,,NNP,*,T,친환경운전,*,*,*,*,*
EMS,,,,NNP,*,T,EMS,*,*,*,*,*
친환경자동차,,,,NNP,*,T,친환경자동차,*,*,*,*,*
친환경자재,,,,NNP,*,T,친환경자재,*,*,*,*,*
협력금제도,,,,NNP,*,T,협력금제도,*,*,*,*,*
친환경포장,,,,NNP,*,T,친환경포장,*,*,*,*,*
침묵의 봄,,,,NNP,*,T,침묵의 봄,*,*,*,*,*
침사지,,,,NNP,*,T,침사지,*,*,*,*,*
침출수,,,,NNP,*,T,침출수,*,*,*,*,*
유입수,,,,NNP,*,T,유입수,*,*,*,*,*
카드뮴,,,,NNP,*,T,카드뮴,*,*,*,*,*
카르타헤나의정서,,,,NNP,*,T,카르타헤나의정서,*,*,*,*,*
카본 트러스트,,,,NNP,*,T,카본 트러스트,*,*,*,*,*
카셰어링,,,,NNP,*,T,카셰어링,*,*,*,*,*
칼륨,,,,NNP,*,T,칼륨,*,*,*,*,*
칼슘,,,,NNP,*,T,칼슘,*,*,*,*,*
캡탄,,,,NNP,*,T,캡탄,*,*,*,*,*
코크스,,,,NNP,*,T,코크스,*,*,*,*,*
코펜하겐 합의,,,,NNP,*,T,코펜하겐 합의,*,*,*,*,*
쿨링포그 시스템,,,,NNP,*,T,쿨링포그 시스템,*,*,*,*,*
쿨맵시,,,,NNP,*,T,쿨맵시,*,*,*,*,*
크로마토그래프법 ,,,,NNP,*,T,크로마토그래프법 ,*,*,*,*,*
크롬,,,,NNP,*,T,크롬,*,*,*,*,*
클로로포름,,,,NNP,*,T,클로로포름,*,*,*,*,*
클로로필-a,,,,NNP,*,T,클로로필-a,*,*,*,*,*
클로즈드 시스템,,,,NNP,*,T,클로즈드 시스템,*,*,*,*,*
클린디젤차,,,,NNP,*,T,클린디젤차,*,*,*,*,*
클린로드시스템,,,,NNP,*,T,클린로드시스템,*,*,*,*,*
클린주유소,,,,NNP,*,T,클린주유소,*,*,*,*,*
타르계 색소,,,,NNP,*,T,타르계 색소,*,*,*,*,*
탁도,,,,NNP,*,T,탁도,*,*,*,*,*
탄산칼슘,,,,NNP,*,T,탄산칼슘,*,*,*,*,*
탄소고정,,,,NNP,*,T,탄소고정,*,*,*,*,*
탄소공개 프로젝트,,,,NNP,*,T,탄소공개 프로젝트,*,*,*,*,*
탄소기금,,,,NNP,*,T,탄소기금,*,*,*,*,*
탄소나노튜브,,,,NNP,*,T,탄소나노튜브,*,*,*,*,*
탄소나무 계산기,,,,NNP,*,T,탄소나무 계산기,*,*,*,*,*
탄소누출,,,,NNP,*,T,탄소누출,*,*,*,*,*
탄소발자국,,,,NNP,*,T,탄소발자국,*,*,*,*,*
저탄소제품,,,,NNP,*,T,저탄소제품,*,*,*,*,*
탄소발자국제도,,,,NNP,*,T,탄소발자국제도,*,*,*,*,*
탄소배출권,,,,NNP,*,T,탄소배출권,*,*,*,*,*
탄소배출권거래소,,,,NNP,*,T,탄소배출권거래소,*,*,*,*,*
탄소세,,,,NNP,*,T,탄소세,*,*,*,*,*
탄소순환,,,,NNP,*,T,탄소순환,*,*,*,*,*
탄소시장,,,,NNP,*,T,탄소시장,*,*,*,*,*
탄소은행,,,,NNP,*,T,탄소은행,*,*,*,*,*
탄소중립,,,,NNP,*,T,탄소중립,*,*,*,*,*
탄소집약도,,,,NNP,*,T,탄소집약도,*,*,*,*,*
탄소추적시스템,,,,NNP,*,T,탄소추적시스템,*,*,*,*,*
탄소포인트제도,,,,NNP,*,T,탄소포인트제도,*,*,*,*,*
탄소흡수원,,,,NNP,*,T,탄소흡수원,*,*,*,*,*
탄화수소,,,,NNP,*,T,탄화수소,*,*,*,*,*
탈질,,,,NNP,*,T,탈질,*,*,*,*,*
태양광 발전,,,,NNP,*,T,태양광 발전,*,*,*,*,*
태양전지,,,,NNP,*,T,태양전지,*,*,*,*,*
테트라에틸납,,,,NNP,*,T,테트라에틸납,*,*,*,*,*
테트라클로로메탄,,,,NNP,*,T,테트라클로로메탄,*,*,*,*,*
테트라클로로에틸렌,,,,NNP,*,T,테트라클로로에틸렌,*,*,*,*,*
토론토회의,,,,NNP,*,T,토론토회의,*,*,*,*,*
토양 침식,,,,NNP,*,T,토양 침식,*,*,*,*,*
토양오염,,,,NNP,*,T,토양오염,*,*,*,*,*
위해성평가제도,,,,NNP,*,T,위해성평가제도,*,*,*,*,*
토양오염도검사,,,,NNP,*,T,토양오염도검사,*,*,*,*,*
토양의 산성화,,,,NNP,*,T,토양의 산성화,*,*,*,*,*
토양지하수정보시스템,,,,NNP,*,T,토양지하수정보시스템,*,*,*,*,*
토양환경평가제도,,,,NNP,*,T,토양환경평가제도,*,*,*,*,*
매수제도,,,,NNP,*,F,매수제도,*,*,*,*,*
피복지도,,,,NNP,*,T,피복지도,*,*,*,*,*
톨루엔,,,,NNP,*,T,톨루엔,*,*,*,*,*
통합대기환경지수,,,,NNP,*,T,통합대기환경지수,*,*,*,*,*
통합물관리,,,,NNP,*,T,통합물관리,*,*,*,*,*
통합제품환경정책,,,,NNP,*,T,통합제품환경정책,*,*,*,*,*
통합환경관리 지침,,,,NNP,*,T,통합환경관리 지침,*,*,*,*,*
통합환경관리제도,,,,NNP,*,T,통합환경관리제도,*,*,*,*,*
통합환경허가시스템,,,,NNP,*,T,통합환경허가시스템,*,*,*,*,*
퇴비화,,,,NNP,*,F,퇴비화,*,*,*,*,*
투수성 포장,,,,NNP,*,T,투수성 포장,*,*,*,*,*
투시도,,,,NNP,*,F,투시도,*,*,*,*,*
트리클로로에틸렌,,,,NNP,*,T,트리클로로에틸렌,*,*,*,*,*
트리페닐주석화합물,,,,NNP,*,T,트리페닐주석화합물,*,*,*,*,*
트리할로메탄,,,,NNP,*,T,트리할로메탄,*,*,*,*,*
특별대책지역,,,,NNP,*,T,특별대책지역,*,*,*,*,*
특정경유자동차,,,,NNP,*,T,특정경유자동차,*,*,*,*,*
특정대기유해물질,,,,NNP,*,T,특정대기유해물질,*,*,*,*,*
특정도서,,,,NNP,*,T,특정도서,*,*,*,*,*
특정수질유해물질,,,,NNP,*,T,특정수질유해물질,*,*,*,*,*
특정유해물질,,,,NNP,*,T,특정유해물질,*,*,*,*,*
특정플론대책,,,,NNP,*,T,특정플론대책,*,*,*,*,*
티어링제도,,,,NNP,*,T,티어링제도,*,*,*,*,*
파리협정,,,,NNP,*,T,파리협정,*,*,*,*,*
패시브하우스,,,,NNP,*,T,패시브하우스,*,*,*,*,*
퍼클로레이트,,,,NNP,*,T,퍼클로레이트,*,*,*,*,*
페놀,,,,NNP,*,T,페놀,*,*,*,*,*
폐기물,,,,NNP,*,T,폐기물,*,*,*,*,*
폐기물 가공연료,,,,NNP,*,T,폐기물 가공연료,*,*,*,*,*
폐기물 감량화,,,,NNP,*,T,폐기물 감량화,*,*,*,*,*
폐기물 고형연료,,,,NNP,*,T,폐기물 고형연료,*,*,*,*,*
폐기물 부담금제,,,,NNP,*,T,폐기물 부담금제,*,*,*,*,*
수집운반차량,,,,NNP,*,T,수집운반차량,*,*,*,*,*
밀폐화제도,,,,NNP,*,T,밀폐화제도,*,*,*,*,*
폐기물 에너지,,,,NNP,*,T,폐기물 에너지,*,*,*,*,*
폐기물 예치금제도,,,,NNP,*,T,폐기물 예치금제도,*,*,*,*,*
폐기물 전자정보처리시스템,,,,NNP,*,T,폐기물 전자정보처리시스템,*,*,*,*,*
처리시설,,,,NNP,*,T,처리시설,*,*,*,*,*
폐기물처분,,,,NNP,*,T,폐기물처분,*,*,*,*,*
폐기물처분부담금제도,,,,NNP,*,T,폐기물처분부담금제도,*,*,*,*,*
폐기물처리,,,,NNP,*,T,폐기물처리,*,*,*,*,*
폐산,,,,NNP,*,T,폐산,*,*,*,*,*
폐섬유화,,,,NNP,*,T,폐섬유화,*,*,*,*,*
폐쇄수역,,,,NNP,*,T,폐쇄수역,*,*,*,*,*
폐수오니,,,,NNP,*,T,폐수오니,*,*,*,*,*
폐수처리업,,,,NNP,*,T,폐수처리업,*,*,*,*,*
폐알칼리,,,,NNP,*,T,폐알칼리,*,*,*,*,*
폐유,,,,NNP,*,T,폐유,*,*,*,*,*
폐전기,,,,NNP,*,T,폐전기,*,*,*,*,*
재활용목표관리제,,,,NNP,*,T,재활용목표관리제,*,*,*,*,*
포스트 교토체제,,,,NNP,*,T,포스트 교토체제,*,*,*,*,*
포스트하비스트,,,,NNP,*,T,포스트하비스트,*,*,*,*,*
포장폐기물,,,,NNP,*,T,포장폐기물,*,*,*,*,*
폭기,,,,NNP,*,T,폭기,*,*,*,*,*
폭염,,,,NNP,*,T,폭염,*,*,*,*,*
폴리머 유기발광 다이오드,,,,NNP,*,T,폴리머 유기발광 다이오드,*,*,*,*,*
폴리메틸메타아크릴레이트,,,,NNP,*,T,폴리메틸메타아크릴레이트,*,*,*,*,*
폴리스틸렌,,,,NNP,*,T,폴리스틸렌,*,*,*,*,*
폴리실리콘,,,,NNP,*,T,폴리실리콘,*,*,*,*,*
폴리에틸렌,,,,NNP,*,T,폴리에틸렌,*,*,*,*,*
폴리염화 비폐닐,,,,NNP,*,T,폴리염화 비폐닐,*,*,*,*,*
폴리염화비닐,,,,NNP,*,T,폴리염화비닐,*,*,*,*,*
폴리프로필렌,,,,NNP,*,T,폴리프로필렌,*,*,*,*,*
폼알데하이드,,,,NNP,*,T,폼알데하이드,*,*,*,*,*
표준처리,,,,NNP,*,T,표준처리,*,*,*,*,*
표토,,,,NNP,*,T,표토,*,*,*,*,*
푸드마일리지,,,,NNP,*,T,푸드마일리지,*,*,*,*,*
풍력발전,,,,NNP,*,T,풍력발전,*,*,*,*,*
프탈레이트,,,,NNP,*,T,프탈레이트,*,*,*,*,*
플라스틱,,,,NNP,*,T,플라스틱,*,*,*,*,*
플라스틱공해,,,,NNP,*,T,플라스틱공해,*,*,*,*,*
플라이 애시,,,,NNP,*,T,플라이 애시,*,*,*,*,*
플라즈마,,,,NNP,*,T,플라즈마,*,*,*,*,*
플랑크톤,,,,NNP,*,T,플랑크톤,*,*,*,*,*
플랑크톤 조절,,,,NNP,*,T,플랑크톤 조절,*,*,*,*,*
플러그인 하이브리드카,,,,NNP,*,T,플러그인 하이브리드카,*,*,*,*,*
플루토늄,,,,NNP,*,T,플루토늄,*,*,*,*,*
피렌,,,,NNP,*,T,피렌,*,*,*,*,*
피에이엔,,,,NNP,*,T,피에이엔,*,*,*,*,*
피톤치드,,,,NNP,*,T,피톤치드,*,*,*,*,*
핌피현상,,,,NNP,*,T,핌피현상,*,*,*,*,*
하구,,,,NNP,*,F,하구,*,*,*,*,*
하구언,,,,NNP,*,T,하구언,*,*,*,*,*
하수,,,,NNP,*,F,하수,*,*,*,*,*
하수도,,,,NNP,*,F,하수도,*,*,*,*,*
하수종말처리장,,,,NNP,*,T,하수종말처리장,*,*,*,*,*
하수처리법,,,,NNP,*,T,하수처리법,*,*,*,*,*
하이브리드카,,,,NNP,*,T,하이브리드카,*,*,*,*,*
하이테크공해,,,,NNP,*,T,하이테크공해,*,*,*,*,*
하천유역관리,,,,NNP,*,T,하천유역관리,*,*,*,*,*
한-EU,,,,NNP,*,T,한-EU,*,*,*,*,*
나노안전 국제협력사업,,,,NNP,*,T,나노안전 국제협력사업,*,*,*,*,*
환경협정,,,,NNP,*,T,환경협정,*,*,*,*,*
한계치사농도,,,,NNP,*,T,한계치사농도,*,*,*,*,*
한국 순환자원유통지원센터,,,,NNP,*,T,한국 순환자원유통지원센터,*,*,*,*,*
한국생물지,,,,NNP,*,T,한국생물지,*,*,*,*,*
한국형 생물종목록 연번체계,,,,NNP,*,T,한국형 생물종목록 연번체계,*,*,*,*,*
한국환경공단,,,,NNP,*,T,한국환경공단,*,*,*,*,*
한국환경산업기술원,,,,NNP,*,T,한국환경산업기술원,*,*,*,*,*
한국환경 정책 평가연구원,,,,NNP,*,T,한국환경 정책 평가연구원,*,*,*,*,*
한대림,,,,NNP,*,T,한대림,*,*,*,*,*
한파,,,,NNP,*,T,한파,*,*,*,*,*
할로겐,,,,NNP,*,T,할로겐,*,*,*,*,*
할로카본,,,,NNP,*,T,할로카본,*,*,*,*,*
할론,,,,NNP,*,T,할론,*,*,*,*,*
합류식 관로,,,,NNP,*,T,합류식 관로,*,*,*,*,*
합류식,,,,NNP,*,T,합류식,*,*,*,*,*
하수관로,,,,NNP,*,T,하수관로,*,*,*,*,*
월류수,,,,NNP,*,T,월류수,*,*,*,*,*
해수담수화,,,,NNP,*,T,해수담수화,*,*,*,*,*
해안사구,,,,NNP,*,T,해안사구,*,*,*,*,*
해양 산성화,,,,NNP,*,T,해양 산성화,*,*,*,*,*
해양 에너지,,,,NNP,*,T,해양 에너지,*,*,*,*,*
해양대순환,,,,NNP,*,T,해양대순환,*,*,*,*,*
해양보호구역,,,,NNP,*,T,해양보호구역,*,*,*,*,*
해양심층수,,,,NNP,*,T,해양심층수,*,*,*,*,*
해양쓰레기,,,,NNP,*,T,해양쓰레기,*,*,*,*,*
해양오염,,,,NNP,*,T,해양오염,*,*,*,*,*
해양투기,,,,NNP,*,T,해양투기,*,*,*,*,*
해저유전,,,,NNP,*,T,해저유전,*,*,*,*,*
핵융합,,,,NNP,*,T,핵융합,*,*,*,*,*
핵폐기물,,,,NNP,*,T,핵폐기물,*,*,*,*,*
허가물질,,,,NNP,*,T,허가물질,*,*,*,*,*
헥사클로로벤젠,,,,NNP,*,T,헥사클로로벤젠,*,*,*,*,*
혐기성세균,,,,NNP,*,T,혐기성세균,*,*,*,*,*
혐오시설,,,,NNP,*,T,혐오시설,*,*,*,*,*
호기성세균,,,,NNP,*,T,호기성세균,*,*,*,*,*
호소,,,,NNP,*,F,호소,*,*,*,*,*
화석연료,,,,NNP,*,T,화석연료,*,*,*,*,*
화평법,,,,NNP,*,T,화평법,*,*,*,*,*
화학물질 배출이동량 정보시스템,,,,NNP,*,T,화학물질 배출이동량 정보시스템,*,*,*,*,*
화학물질 정보시스템,,,,NNP,*,T,화학물질 정보시스템,*,*,*,*,*
화학물질관리법,,,,NNP,*,T,화학물질관리법,*,*,*,*,*
화학물질의 유해성심사,,,,NNP,*,T,화학물질의 유해성심사,*,*,*,*,*
화학작용제,,,,NNP,*,T,화학작용제,*,*,*,*,*
화학작용제탐지기,,,,NNP,*,T,화학작용제탐지기,*,*,*,*,*
확증표본,,,,NNP,*,T,확증표본,*,*,*,*,*
환경 아틀라스,,,,NNP,*,T,환경 아틀라스,*,*,*,*,*
국민배심원제도,,,,NNP,*,T,국민배심원제도,*,*,*,*,*
연구정보시스템,,,,NNP,*,T,연구정보시스템,*,*,*,*,*
환경가치 종합정보시스템,,,,NNP,*,T,환경가치 종합정보시스템,*,*,*,*,*
환경감사,,,,NNP,*,T,환경감사,*,*,*,*,*
환경감시,,,,NNP,*,T,환경감시,*,*,*,*,*
환경개선부담금,,,,NNP,*,T,환경개선부담금,*,*,*,*,*
환경거버넌스,,,,NNP,*,T,환경거버넌스,*,*,*,*,*
환경건전성그룹,,,,NNP,*,T,환경건전성그룹,*,*,*,*,*
환경경영,,,,NNP,*,T,환경경영,*,*,*,*,*
환경경영지표,,,,NNP,*,T,환경경영지표,*,*,*,*,*
환경경영체제,,,,NNP,*,T,환경경영체제,*,*,*,*,*
환경경영체제인증,,,,NNP,*,T,환경경영체제인증,*,*,*,*,*
환경경제학,,,,NNP,*,T,환경경제학,*,*,*,*,*
환경계정,,,,NNP,*,T,환경계정,*,*,*,*,*
환경공간정보서비스,,,,NNP,*,T,환경공간정보서비스,*,*,*,*,*
환경공학,,,,NNP,*,T,환경공학,*,*,*,*,*
환경과 개발에 관한 세계 위원회,,,,NNP,*,T,환경과 개발에 관한 세계 위원회,*,*,*,*,*
환경관리해역,,,,NNP,*,T,환경관리해역,*,*,*,*,*
환경교육,,,,NNP,*,T,환경교육,*,*,*,*,*
환경교육프로그램 인증제,,,,NNP,*,T,환경교육프로그램 인증제,*,*,*,*,*
환경권,,,,NNP,*,T,환경권,*,*,*,*,*
환경기술,,,,NNP,*,T,환경기술,*,*,*,*,*
환경기준,,,,NNP,*,T,환경기준,*,*,*,*,*
환경기초시설,,,,NNP,*,T,환경기초시설,*,*,*,*,*
환경난민,,,,NNP,*,T,환경난민,*,*,*,*,*
환경마크제도,,,,NNP,*,T,환경마크제도,*,*,*,*,*
환경백서,,,,NNP,*,T,환경백서,*,*,*,*,*
환경보건,,,,NNP,*,T,환경보건,*,*,*,*,*
환경분쟁 조정제도,,,,NNP,*,T,환경분쟁 조정제도,*,*,*,*,*
환경비용의 내부화,,,,NNP,*,T,환경비용의 내부화,*,*,*,*,*
환경비전 21,,,,NNP,*,T,환경비전 21,*,*,*,*,*
환경산업,,,,NNP,*,T,환경산업,*,*,*,*,*
환경산업연구단지,,,,NNP,*,T,환경산업연구단지,*,*,*,*,*
환경상계관세,,,,NNP,*,T,환경상계관세,*,*,*,*,*
환경상품,,,,NNP,*,T,환경상품,*,*,*,*,*
환경상품협정,,,,NNP,*,T,환경상품협정,*,*,*,*,*
환경성 자기주장제도,,,,NNP,*,T,환경성 자기주장제도,*,*,*,*,*
환경성과지수,,,,NNP,*,T,환경성과지수,*,*,*,*,*
환경성과평가,,,,NNP,*,T,환경성과평가,*,*,*,*,*
환경성보장제도,,,,NNP,*,T,환경성보장제도,*,*,*,*,*
환경성적표지제도,,,,NNP,*,T,환경성적표지제도,*,*,*,*,*
환경성질환,,,,NNP,*,T,환경성질환,*,*,*,*,*
환경세,,,,NNP,*,T,환경세,*,*,*,*,*
환경소음,,,,NNP,*,T,환경소음,*,*,*,*,*
환경스와프,,,,NNP,*,T,환경스와프,*,*,*,*,*
환경신기술,,,,NNP,*,T,환경신기술,*,*,*,*,*
환경신문고,,,,NNP,*,T,환경신문고,*,*,*,*,*
환경영향평가 사후관리,,,,NNP,*,T,환경영향평가 사후관리,*,*,*,*,*
환경영향평가 정보지원시스템,,,,NNP,*,T,환경영향평가 정보지원시스템,*,*,*,*,*
환경영향평가 지리정보시스템,,,,NNP,*,T,환경영향평가 지리정보시스템,*,*,*,*,*
환경영향평가,,,,NNP,*,T,환경영향평가,*,*,*,*,*
환경용량,,,,NNP,*,T,환경용량,*,*,*,*,*
환경윤리학,,,,NNP,*,T,환경윤리학,*,*,*,*,*
환경재난,,,,NNP,*,T,환경재난,*,*,*,*,*
환경정보,,,,NNP,*,T,환경정보,*,*,*,*,*
공간화 사업,,,,NNP,*,T,공간화 사업,*,*,*,*,*
환경정보공개제도,,,,NNP,*,T,환경정보공개제도,*,*,*,*,*
환경정의,,,,NNP,*,T,환경정의,*,*,*,*,*
환경제국주의,,,,NNP,*,T,환경제국주의,*,*,*,*,*
환경주제도,,,,NNP,*,T,환경주제도,*,*,*,*,*
환경책임보험,,,,NNP,*,T,환경책임보험,*,*,*,*,*
환경측정,,,,NNP,*,T,환경측정,*,*,*,*,*
환경친화형도료,,,,NNP,*,T,환경친화형도료,*,*,*,*,*
환경쿠츠네츠곡선,,,,NNP,*,T,환경쿠츠네츠곡선,*,*,*,*,*
환경특별사법경찰제도,,,,NNP,*,T,환경특별사법경찰제도,*,*,*,*,*
환경피해의 역진성,,,,NNP,*,T,환경피해의 역진성,*,*,*,*,*
활력검정,,,,NNP,*,T,활력검정,*,*,*,*,*
활성오니 ,,,,NNP,*,T,활성오니 ,*,*,*,*,*
활성오니법,,,,NNP,*,T,활성오니법,*,*,*,*,*
활성탄,,,,NNP,*,T,활성탄,*,*,*,*,*
황사특보제,,,,NNP,*,T,황사특보제,*,*,*,*,*
황사현상,,,,NNP,*,T,황사현상,*,*,*,*,*
황산화물,,,,NNP,*,T,황산화물,*,*,*,*,*
회전원판접촉법,,,,NNP,*,T,회전원판접촉법,*,*,*,*,*
후 염소처리,,,,NNP,*,T,후 염소처리,*,*,*,*,*
후쿠다 비전,,,,NNP,*,T,후쿠다 비전,*,*,*,*,*
후쿠시마 원전사고,,,,NNP,*,T,후쿠시마 원전사고,*,*,*,*,*
휘발성유기화합물,,,,NNP,*,T,휘발성유기화합물,*,*,*,*,*
휴먼게놈,,,,NNP,*,T,휴먼게놈,*,*,*,*,*
휴면포자,,,,NNP,*,T,휴면포자,*,*,*,*,*
휴양림,,,,NNP,*,T,휴양림,*,*,*,*,*
흡광광도법,,,,NNP,*,T,흡광광도법,*,*,*,*,*
희귀종,,,,NNP,*,T,희귀종,*,*,*,*,*
희소금속,,,,NNP,*,T,희소금속,*,*,*,*,*
쌀소비,,,,NNP,*,T,쌀소비,*,*,*,*,*
쌀밥,,,,NNP,*,T,쌀밥,*,*,*,*,*
쌀소비,,,,NNP,*,T,쌀소비,*,*,*,*,*
쌀전시회,,,,NNP,*,T,쌀전시회,*,*,*,*,*
쌀재고,,,,NNP,*,T,쌀재고,*,*,*,*,*
팔당호,,,,NNP,*,T,팔당호,*,*,*,*,*
지역화합,,,0,NNP,*,T,지역화합,*,*,*,*,*
밀집지역,,,0,NNP,*,T,밀집지역,*,*,*,*,*
4대강,,,0,NNP,*,T,4대강,*,*,*,*,*
4대강사업,,,0,NNP,*,T,4대강사업,*,*,*,*,*
DMZ사업,,,0,NNP,*,T,DMZ사업,*,*,*,*,*
GTX사업,,,0,NNP,*,T,GTX사업,*,*,*,*,*
SOC사업,,,0,NNP,*,T,SOC사업,*,*,*,*,*
테스트베드,,,0,NNP,*,T,테스트베드,*,*,*,*,*